youtuber,길이,좋아요 누락 영상 개수
benny8282_nail,21,21
bird 정은,24,24
Jaelimize재림,79,79
jella젤라,218,218
juyeomi,38,38
krystal수정,4,4
LUCY루씨,61,61
Ori오리의소비로그,32,32
SELFCARE 결,18,7
Summer-mute썸뮤,2,2
tency텐씨,6,6
wonhee,10,10
강성,12,12
궁달언니,73,73
김남령,26,26
김다혜,57,57
김송정머리터 복구매직 복구펌 원조,277,277
나나nana,53,53
네일그랜마nailgranma,55,55
느린양반,46,46
다예,50,1
다현쌤,43,43
더네일리영thenaily_young,3,3
디렉터 파이,357,357
디얼빈dearbeen,3,3
디자이너윤뉴,15,15
라웁스laoops,10,10
랏뚜Beauty,18,18
런던혜원,23,23
로맨틱민서MINSEO,65,65
로즈픽스,55,49
루이연 ruiyeon,8,8
루치나,50,50
루혜LUHYE,2,2
리음lieum,33,33
메멘토설은,3,3
몽몽이는 몽몽,54,54
무지개빅깔,28,28
뮹실언니 허슬기,63,63
미닝Minning,71,71
밍몽드,8,8
바이도하,58,58
박돌핀Bakdollphin,30,30
보은 boeun,1,1
뷰티마스터윤지연TVbeautymasterYOON,6,6
뷰티펄진주PEARL,84,84
뷰티홈즈,3,3
브이록,143,143
비타1000서영,17,17
상은언니,33,33
상자의 신발상자,82,82
새얀,47,47
송아현,89,89
수리Suri,18,18
수박온니,92,92
수수하SOSOHA,56,56
스라테티션 slathetician,3,3
심플리 수빈,35,35
씬스타일ssinstyle,28,28
아름송이,253,253
아름하다,106,106
안녕설기,30,30
안녕영경,37,37
에센스룸,84,84
연두콩,255,255
연선yeonsun,34,34
예순이,42,1
예영이예영,46,46
예콩예콩Yekong,109,109
오민초MINCHO,18,18
온리원서의,48,48
올니드,7,7
유네영,5,5
유리숍,87,78
윤민쌤,76,76
윤새 yoonsae,81,81
윤이니yooniny,15,15
윤이든,106,106
윤터터yunteoteo,3,3
윰YUM,95,95
윰공주,44,44
인애킴,12,12
장쌀롱,26,26
정채,8,8
제시하다Jessiehada,46,46
쥬쥬쥬세요,15,15
쥴리쿠,37,37
지애,71,71
지옹이,4,4
진아쌤,6,6
집 팔아 화장품 사는 깡나,53,1
채니,393,393
채르니Chaerny,35,35
패션읽어주는 여자,5,5
프리윤freeyoon,2,2
하나네집,48,2
하롱롱,40,40
해딩HAEDING,45,45
화장품비평가최지현,12,12
후니세탁소HUNILAUNDRY,8,8
후메이크업whozmakeup,40,40
희주,126,126
