labeling,comment
1,하늘님 브이로그 너무 좋아요 ㅎㅎ 그나저나 울 뽀롱이 심장이 안 좋았다니.. 가슴 찢어져ㅠㅠ 정기검진 잘 받고 약 잘챙겨 먹고 오래오래 살자 뽀롱
1,열심히 사는 알찬 일상… 언니 브이로그 자주 꼭이요ㅠㅜ 유튜브는 인스타랑 또 다른 맛이 있어요
1,하늘님 건강하게 오래오래 마켓 해주세용><
1,유튭 자주올려주세요 ㅜㅜㅜ 언니 유튭 보는게 너무 힐링이에요 한 편도 놓치지 않았는데 요즘 넘 안 올라와요 
1,"오랜만이에요 ??
브이로그 잘 볼게요!>_<"
1,드뎌 브이로그!!!! 얼마나 기다렸는지 몰라용 요새 하늘님 때문에 제 통장 거덜ㅋㅋ 너무 좋은 제품들ㅋㅋㅋ. 유튭은 또달라 자주 올려줘요
1,"브이로그 전 처럼 자주 찍어주세효 
1세대 하리보로써 자주 안 올라오면 너무 섭섭해..ㅠ"
1,아니 왜이렇게 사랑스럽지? 
1,Ha Neul 오늘의 하늘님 먹는모습이 아주예쁘군요.
1,언니 귀여워요
1,드디어 하늘언니닷 !!! 존버존버 성공!!!
1,저렇게 작은 몸으로 사업을 시작하고 운영하다니.. 정말 대단한 것 같아요 삼십팔살 삼성노예 언니하리보가 리스펙 때려박고 갑니다. 동생이지만 대단해….!
1,하늘님 피부가 미쳤네요
1,뽀롱이 오래 건강하게 살자!!! 사과식초 저두 따라 먹어볼래용 꺅
1,"정말,, 예쁘다 하늘 당신,,, 인스타로 자주봐도 유툽만한게 없떠요 올룠던거 사골처럼 우려먹다가 드디어 새동영상이다"
1,"저도 열시미 살게요 
좋은 자극 받고가요"
1,날씬 미숟가루 너무 맛있어요! 9월에는 언제 또 오픈해요? 주변 지인들도 다들 맛있다고 담엔 같이 사자고들 합니다아 !!!!!! 추석 전에 다이어트 해야되눈데 9월 초에 구매할수 있게 해주세요 진짜 얼음에 우유넣고 태워먹으면 존맛이여라
1,온니 위 약하면 식초든 식후20분 안에 먹어주는게 더 좋데여
1,온니 단발도 너무 이쁠것가틈 ㅠㅠ
1,브이로그 자주 올려주세요??
1,"어떻게 이리 요물이 제품만 찾는 건가요? 궁금해요 ,,, 대단해"
1,하늘님 브이로그가 기대되네요
1,"오오 애사비(야플사이다비니거)해외에서도 유명해요
식전에 드시면 식후 혈당 안정화에 도움줘요 ㅎㅎ 그 외 피부도 좋아지고 이래저래 효과좋습니다
전 저 적은병 2개비우고 대용량 서서 마시는 중임다 ㅎㅎ"
1,언니 진짜 피부 미쳤다아??
1,하늘님 브이로그를 잘 볼게요
1,위시시계 정보 궁그매용~
1,더보기에 맞집리스트도 써주시공 고마오요~
1,웹툰에선 착하게 나오는데 왜 현실에선 나쁠까..
1,모공 피지 블랙헤드관리는 어떻게 하세요 ㅠㅠ
1,하늘님!! 자로우찍을때 입으신 핑크 파자마 정보 궁그매요
1,가루비타민 정보 궁금해요 
1,언니 3초팩은 마켓 진행 또 안해주시나용?ㅜㅜ
1,콜라겐 어디껀지궁금해요!!
1,하늘님♡ 혹시 강아지 사료 뭔지 알 수 있을까요? 약 뱉어내는 즈이집 강아지에게 너무 필요할 것 같아서요ㅜㅡㅠ 답변 기다릴게요!!??
1,언니 블러셔 뭐 바르세요??
-1,"더글로리나 정주행
다시해야지~"
1,언닝 ㅎㅎㅎ 메이크업 하신곳 어디에요?!
1,#9:58 머그컵 정보 알려주실수있나요 !
1,눈쌍커풀 그때이후로 또다시하신건가요? 눈이 더커진거같아여 얼굴살이 빠지신건가
1,언니 찍으신 폰 기종 뭔가용 ????
1,안녕하세요  강쥐사료 동그란거  뭔지 알려주세요
-1,더글로리 실사판
1,언뉘 코가 엄청 좁아진거ㅛ같은데 뭐한건가요?!!? 거상팩 때뭉인가...
-1,더글로리 지워지는지 시험중
-1,일진학폭녀~
1,뽀롱이 미용한거 제가 다 시원해요ㅠㅠ 매년 여름이면 짧게 미용해줬던 지금은 무지개다리 건넌 저희 강아지 생각나고.. 더 애기애기해진 뽀롱이ㅠㅠ 오래오래 하늘님 곁에서 건강하고 행복하길 바랄게요
1,하늘님 다이어트하는 브이로그도 꼭 올려주세요  보는것 만으로도 동기부여되고 의욕뿜뿜이에요 ㅎㅎ 오늘 영상도 재밌게 잘봤습니다~
1,ㅋㅋㅋㅋㅋ화장할때 행복해보이는 언니 모습 기엽자나요
1,"이야 몇백년만에 브이로그냐...!
언니 브이로그 예전처럼 자주 올려주세용 ㅎㅎ?? 늘 잼있게 보고 있다귱..."
1,오랜만에 브이로그 보니?? 너무 힐링되네욘 시간될때 자주자주 올려줘용 뽀롱이 너무기여워용
1,"하늘씨 다음으로 뽀롱이 너무 귀여운거 아닌가요.
운동하는 열심히 하는 모습 보니 좋네여 ㅋㅋㅋ
다이어트 화이팅!"
1,"흑 인스타 올려주신것도 감사한데.. 브이로그까지 .. 방문 감사합니다.. ?? 세수할때 수건닦을때 머리카락 다 조심하시구 붓기나 염증생기면 꼬옥 매장에방문해주세요.. ??
저히 압구정 사장님덜 엄청 친절하시답니다아 ???
감사해용 "
1,"집에서 발레배우시다가
학원에 가서 꼭 배워보세용~~~~ 예쁜 발레복 입고~~~"
1,"엉니...난 진짜 언니 일상 브이로그만 기다려욤......인스타에도 맨날 브이로그 타령이야,,,,유튜브 하리보 잊찌마ㅠㅠㅠㅠㅠㅠㅠㅠㅠㅠ"
1,브이로그 자주 찍어줘요 ㅠㅠㅠㅠㅠ
1,브이로그 넘 재밌어요ㅜㅜㅜ ㅜㅜㅜㅜ
1,넘넘 기다렸어용!!! 스토리로 이미 다 알고있지만 유튭은 또달라 넘 재밌구 조아요????
1,흐엉 ㅠㅠ 이게 얼마만에 브이로그에요ㅠㅠㅠㅠ 너무 보고싶옸다구요ㅠㅠ 마니마니 올려듀세요??
1,드디어 브이로그 
1,요리 브이로그도 기다려요ㅠㅠㅠㅠ
1,스트레칭만 매일 잘해줘도 몸매군살있는부분 정리되고 라인이뻐져요
1,언니 입고 계신 하늘색 레이스 잠옷 정보 알 수 있을까요? 너무 이뻐요ㅠㅠ
1,몸무게는 늘었어도 얼굴은 더 작아졌어욬ㅋㅋㅋ !!! 이목구비도 완전 또렷.. 부러워용
1,하널님 언박싱이 젤 유용하고 젤 잼떠요 증말??? 장바구니 가득 담고 가요!!!! 피부과 앰플도 존저 탑니다아 ㅎㅎㅎㅎㅎ
1,진짜 세상에 이렇 큐티한 존재가 있을까오랜만에 언박싱 영상이라니 사랑해여
1,인스타 보고 바로 달려왔잖아요>< 선댓글 먼저 달고 봅니다 코로나때 하늘님이 브이로그 30분꺼 보면서 힐링 했던 기억나요~앞으로도 브이로그 많이 올려주세용 
1,택배 언박싱 너무 재밌당ㅜㅜ
1,헐 잔뜩 쟁여놨는데 리뉴얼됩니깤ㅋㅋㅋㅋ좋아지면야 환영이지만.. 가격변동은 없었으면 좋겠네여ㅜㅜㅜ
1,오늘도 예쁜 하늘님 샤넬 언박싱 영상 재밌게 잘봤습니다.ㅎㅎ
1,하마님 덕분에 에어팟 한쪽 지직거리던거 몇번 때려서 잘 쓰고 있습니다 ㅋㅋㅋㅋ
1,"헐 진짜 기다렸다구요ㅠㅠ 완전 행복,,,??"
1,샤넬 가격.. ㄷㄷㄷ 결국 에르메스 처럼 그럴 거 같더라니.. 이젠 못 사겠네요 ㅠㅠ 진짜 미리 사두길 잘했옹
1,언박싱 재밌어요ㅋㅋ 뭘사든 많이 사네요~ㅋ 맥시멀리스트의 정리가 궁금해요?
1,기다렸어요 ㅠㅠㅠㅠ 브이로그
1,Ha Neul 오늘의 하늘님 명품핸드백이 너무 잘 어울리시네요.
1,디올 진짜 잘어울리심
1,샤넬 슬리퍼 넘 예쁜데요?! 편해보이고 잘어울려요
1,갖고있는 악세사리소개영상 존버!!
1,하늘님 택배 언박싱 잘 볼게요
1,하트괄사정보 알려주세여 ㅜㅜㅜ
1,영상 더 자주 올려쥬셨으면 좋겠어요 ??
1,리브이셀 넘나 기다립미다~
1,웅니...난 언니 영상만 기다려 
1,플리마켓 너무 가고 싶었는데 왜 중요한 날은 꼭 다른 일과 겹치는지 ㅠㅠ 좋은일 많이 하는 모습 보니까 좋네요~ 더 밝고 예뻐지는 듯해요 :)
1,언니 일상 브이로그만 기다렸어요??
1,그렇게 존버하던 하늘 일상 브이로그ㅠㅠㅠㅠㅠㅠㅠㅠㅠㅠㅠㅠㅠ나ㅇㅔ게 일상 브이로거 = 하늘 ㅠㅠㅠㅠㅠㅠㅠ 최애라구욧
1,헉ㅎㅎ하늘님!저도 이제 슬슬 다이어트 시작해보려고 내일 오꼬노미야끼 해먹어야겠다 생각했는데 늘님 레시피 참고해서 해먹어야겠어요?
1,하늘님~브이로그 기다렸어용! 작년까지만 해도 매주 토요일때 만났는데 이제는 업로드 알림 기다리고 있어요 얼른 매주마다 만날 수 있길 바래요
1,오늘도 예쁜 하늘님 한달일상 브이로그 영상 재밌게 잘봤고 오랜만에 만나서 너무 반갑고 그래도 제가 항상 예쁜 하늘님 응원하고 칭찬 많이 해드리겠습니다.힘내시고 화이팅 입니다!ㅎㅎㅎ
1,플리마켓 날 진짜 옙부네요ㅠㅠㅠㅠ
1,"하늘님 일상 브이로그가 제일 재밌어요!!!!! ㅠㅠㅠㅠ
플리마켓 얼굴 넘예.."
1,온니~~~ 저 일욜 플리마켓 갔던 대전하리보 기억하죵!! 언니 만났던게 아직도 꿈같아용 뭐가부어!!! 실물이 최고예쁜 온니? 유튭 요새 마니 올라와서 행복하다용?? 꼬마워용??
1,Ha Neul 오늘의 하늘님 먹는모습이 아주예쁘군요.
1,이런 가벼운 브이러그 완전 오랜만!!!! ㅋㅋㅋㅋㅋ 뽀롱쓰
1,뽀롱아 넌 진짜 사랑이야 
1,"3:24 졸귀ㅋㅋㅋ
술마실 때 젤 신나는 하느리 ??"
1,다시 유튜브 영상 많이 올라와서 넘 쪼아요
1,와 플리마켓 때 미모 머선일  이거 메이크업 영상 찍어주시면 안돼요? 진짜 손민수 하고 싶다 너모 이뻐 ㅠㅠㅠㅠㅠㅠㅠ 유독 더 이뻐 진쨔…..
1,"이 시간에 차돌박이 영상이라뇨..ㅠㅠㅋ
내일 꼭 먹어야겠다는..!!! ㅋㅋㅋㅋㅋ"
1,일상브이로그 제일조아요
-1,뽀롱이 여름에는 털 좀 밀어주세요 에어컨 틀어도 더워요 한여름에 24시간 모피 껴입고 있는 격인데 애기 부분 미용 좀 해주세요 얼굴하고 꼬리 제외 몸통만 짧게 밀어줘도 안 밀은거보다 뽀롱이가 훨씬 덜 괴로울거에요
1,행복한 5월 되세요
1,smts 진짜 찐입니다! 처음에 사용했을때는 사실 쫌 과영양인가 싶었는데 한박스 다 써갈때쯤에는 와 그동안 알던 제 피부가 아니에요! 진짜 깐달걀 그 잡채.. 맨질맨질하고 광나고 진짜 피부가 너무 예뻐집니다... 다들 꼭 smts 하고 피부 광명 찾으세요
1,언니 브이로그 너무 재밌어요 언니 항상 기죽지 말고 웃음을 잃지 않았으면 좋겠어요 항상 응원해요 화이팅!
1,sMTS는... 수 많은 제품을 사고 사용해 봤지만 사용하고 얼마 안 돼서 저희 가족이 요즘 피부 너무 좋아졌다고 말이 나올 정도로 피부가 확실히 좋아지는 제품이에요?? 저도 느끼지만 주변 사람들도 피부 좋아진 거 당연히 느끼게 하는 sMTS 이거 진짜 찐입니다.
1,"Smts 진짜 인생템.. 저번 마켓때 세박스 쟁여뒀는데 가족, 남칭구 다 해주느라 벌써 다 썼고 다들 효과 너무 좋다고 또 해달라고^^ㅋㅋㅋㅋㅋㅋ 진짜 이거 평생 해주세요.. 에셈티에스 없으면 일상생활 안되는 정도입니다??"
1,기다리던 파리 여행 브이로그>< 독일이든 파리에서든 어디에서나 빛나는 하늘님 얼굴은 smts 덕분이겠죠!?? 넘 부러워요!! 앗!1 새 사무실로 이사가신 것도 축하해요 앞으로 더 번창하시길 바래요^^
1,"작년에 결혼 준비 할때 너무 잘 사용했던 smts???? 지금까지도 쭉 사용해요 가족 행사 있을때 저희 가족뿐만 아니라 시어머니도 선물로 드렸는데 너무 좋다고 하세요!! 피부관리로 이만한게 없다고 하시네요!! 피부결도 부드러워지고 기미 잡티들도 연해져서 꾸준히 사용하고 있어요!

이메일 남기니까 자동 삭제가 돼서요 댓글로 당첨자 알려주셨으면 좋겠어요!"
1,smts 진짜 좋아용.. 맨처음에는 mts라는 단어가 들어가서 혹시 안에 들어있는 스파큘이 바늘처럼 아프진 않을까 걱정했었는데 그냉 슈가 스크럼처럼 아프지 않아서 정말 만족했구 한번만 해도 효과가 보인다는 말은 과장이 아니구 정말 매일 하나씩 올라오던 트러블도 안나구 장벽자체가 튼튼해지는 느낌이 들어요ㅠㅠ 저희 엄마께도 해드렸는데 엄마도 다음날 바로 피부 반질반질 이뻐지시구 정말 최고에요!!!!!
1,"sMTS 제품 사용하면 다른 기초제품 사용못해요… 정말 그만큼 제품력이 너무 좋아요!!!! 제 피부가  건조하면 좁쌀 올라오는 피부인데요 속건조함을 잡는다고 아무리 보습에 좋다는 제품 사용해도 효과를 못보고 있었던 와중에 하늘님께서 sMTS 에센스 공구하신다는 피드를 보게되었어요! 정말 좋을까? 한박스만 구매해서 사용해보자 했는데 한박스만 구매한 저 후회했어요(그래서 이반에 왕창 쟁였어요) 일주일에 2번정도 사용하고 3-4 주 지나니까 정말 피부가 달라져있었어요! 좁쌀도 싹 들어가져있고 피부광도 촤르르 제가 또 영양감 있는 제품 쓰면 피부 붉어지고 따겁고 그랬는데 피부가 좋아지면 좋아졌지 안좋지 않았어요!! sMTS는 중요한 전날에 사용해줘도 피부에 자극이 없어서 너무너무 좋았어요!! 늙어서도 꾸준히 sMTS 사용할거에요! 

메일주소 적으면 삭제가 되네요 당첨자는 댓글로 알려주시면 좋겠어요 ??"
1,"sMTS사용하고 다른 피부과나 연고같은 것 사는 비용 일단 세이브에요
첫째는 모공에 효과를 봤고 두번째는 피부 속광이 안에서부터 뿜! , 셋째는 피부결 개선 너무 잘 되고 벌써 smts만 1년때 재구매중인데 아예 그 전하고는 피부 자체가 달라졌답니다?? 리얼 인생템"
1,"와... 하늘님 피부가 후기네요ㅋㅋㅋㅋ 
진짜 피부 머선일이져!!! 마켓에서 3박스짜리 구매했어요???? 언능 받아서 써보고 싶어요오??"
1,"sMTS는 그냥 일단 써보시면 후회안하실거에요!?? sMTS를 사용하기 전에 저의 피부는 항상 코 각질, 좁쌀여드름과 자잘한 뾰루지들이 매일 올라왔어요!! 늘 스트레스였는데 하늘이언니 인스타보고 한번 속는셈 치고 사보자 했는데!!... 어머 웬걸 진짜 안샀으면 후회할 정도로 한번 사용하고 다음날 봤는데 빨간 뾰루지들이 하나둘씩 들어간게 보이더라고요!!! 코각질도 매일보이던게 없어졌어여.. 제가 아무리 비싼 제품들을 써봤지만 단기간동안 피부가 이렇게 좋아진다는게 믿겨지지 않았어요!!! 이제 제 꿀피부 관리는 sMTS로 하구요!!!! 진짜 이 좋은걸 어떻게 말로다 표현하죠!!?!???? 진짜 너무 좋은데 그냥 꿀피부 그자체로 만들어주니까.. 그냥 사세요....ㅜㅜ 더는 말안할게요... sMTS 체고.."
1,"sMTS 제품 사용후 피부 달라진점이 정말 많아요! 피부 붉은끼 완화,피부흉터, 모공축소, 피부광, 좁쌀 들어감, 속건조 해결 !!!! 1주일에 2-3번 사용하는데요 한달정도면 피부가 달라져있어요!! 
저 에스테틱 1년치 끊어놓고 바쁨+귀찮음때문에 한달에 한번 가거나 못가는 편인데요  집에서 sMTS 제품 하나로만 홈케어 해줘도 에스테틱 갈필요 없다고 느끼고 있어요 요즘 저 선크림만 바르고 생활할 정도로 피부가 진짜 좋아져서 피부화장 안한지 좀 됐는데요 너무 편하더라구요!! 지인분들도 인정한 제 피부!! ㅎㅎ  이건 저 평생 사용할거에요 다른 제품이랑 비교불가에요!!! 이번에는 나이트 크림도 같이 구매했는데 아지 배송 전이라 너무 기대되고 궁금해지네요 

이메일 남기는게 저도 삭제가 되는데.. 그래서 후기글만 남겼습니다"
1,"smts 너 뭐 돼? ?
됩니다!!!
하늘님이 smts 첫 판매하실때부터 구매해서 사용했었어요! 그때는 후기도 많이 없고 제품도 잘 모르지만 하늘님 픽이니 구매했었지요. 근데 이젠 하늘님만큼이나 제품에 대해 술술 설명할 수 있을정도로 애정템이에요. 중간에 딴길로 새긴했지만 돌고돌아 제 순정은 smts이네요. 
요즘 화수분처럼 넘쳐나는 피부케어 제품들속에 왜 smts냐 하시면 사실 할말 너무 많지만 그 중 몇가지만 말씀드리면
한번사용으로도 눈에 보이는 효과를 얻을수 있다는 점!
그렇다는건 그만큼 제품의 성분이 찐이라는거겠죠? 그렇다고 일시적인거냐 놉놉 헹구면 다시 리셋되는게 아니라 피부의 베이스 즉 내 피부의 땅을 튼튼하게 만들어줍니다. 계속 사용하면 메마르거나(건성), 기름졌던(지성) 피부들이 건강한 피부로 돌아갈수 있습니다.
저도 지성피부라 화장품 조금만 무겁게 바르면 트러블이 생겼는데 smts 같이 병행하면서 바르니 피부 기름도 줄고 코옆,턱에 자주나던 트러블도 발길을 뚝 끊었습니다. 
피부 장벽이 한번 무너지기 시작하면 화장품이 조금만 안맞아도 사용하던 물이 바뀌면 잘 뒤집어지잖아요. 그럴수록 피부 장벽을 튼튼하게 해줘야하는데 거기에 smts 만한 제품이 없는거같아요. 그냥 필수템인거죠.
가격이 비싸보이지만 생각보다 가성비라는점
한박스에 10만원대?!? 뭐야 라고 생각하신분들!!
한박스로 최소 1달 사용합니다. 놀라셨죠!! 에스테틱 기본 수분케어만 받아도 5~8만원 이더라구요. 비교해보면 정말 가성비템이라고 생각합니다. 
또 추가로 하늘님 꿀팁이자 저도 진짜 신기했던 방법이 선인장씨앗오일 있으신분들 오일 먼저 한겹 바르고 smts 발라보세요! smts가 좀 자극있다고 느끼셨던 분들은 자극을 덜 느끼실수있고 오일이 smts 흡수에 도움이 되서 시너지효과를 보실수 있습니다!! 
또 탱글이나 화장품 흡수되는 디바이스 기기 있으신분들도 smts 바르고 마스크팩 위에 해주셔도 흡수 2배,3배 효과 짱입니다!! 
주절주절 얘기가 길어졌지만 그만큼 smts 좋다는거 말씀드리고 싶었어요ㅜㅜ 저도 피부고민 많이 해결됐고 도움 받아 고민하시는 분들께 도움 됐으면 좋겠습니다.><

ghdtjdal132@hanmail.net"
1,제가 난소혹이 생긴 후로 목까지 야드림이 번졌는데 ㅠㅠ 피부과가서 치료해도 흉만남고 좋아지질 않았어요 근데 smts 꾸준히 쓰니까 개선이 확실히 되어서 지금은 피부과는 절대 안다니고 smts로만 관리합니다 
1,최근들어 하늘님 유독 화사해보이는 피부에 이끌려 sMTS 주문완료했어요 
1,"하늘언니 유투브에서 까지 이렇게 선물을 ㅠㅠ 역시 최고 최고 ,, 깐달걀 피부 만들어주는 smts 너무너무 기대돼요 ㅠㅠㅠ 써보고싶어요!1"
1,"진짜 smts쓰고 광명찾았어요 갑자기 피부가 뒤집히고 여드름으로 너무 고생했는데 진짜 요즘 거울볼맛나요ㅠ 특히 엑소메라 마스크팩 왜 같이 써야하는지 알것같아요 전에도 한박스 사서 다른팩이랑 써봤지만 엑소메라랑 쓰면 더 좋아요 그냥 팩만해도 넘 좋아요 피부 전후 보면 차이가 커서 계속 사용하게 되는거 같아요 트러블도 좋아지고 피부결이 미쳤습니다 꼭쓰세요

이메일을 남기니까 댓글이 자동삭제 돼서 글만 일단 남겼습니당"
1,"V로그 더 자주보고싶어요 smts 진짜혁명입니다ㅋㅋ홈케어제품들 정말많이 써봤는데 얘가최고에여ㅠㅠ계속 쓸 예정입니다,,"
1,한국에서 일상 브이로그도 기다리고 이써요
1,오늘도 하늘님 프랑스 파리여행 브이로그 영상 재밌게 잘봤습니다.ㅎㅎ
1,어떤관리보다 최고다..진짜 가성비짱!!! 속건조에 최고
1,"너무 조으다아~~~ 파리는 언제쯤 가볼 수 있을런지 ㅠㅠ smt는 언젠가 구입할테지만, 요즘 자금 사정이 별로라 나중에 꼭 사서 써볼게요~"
1,"저는 피부고민이 많은 편이 아니라서 하늘언니 공구하는 상품을 항상 구매했지만 smts는 가격대도 있어서 패스 했었던 하리보에요 ! 어느날부터 코에 모공과 코 옆 피지 각질들이 도드라지기 시작하고 화장할때 코들뜸이 스트레스여서 친구랑 나눠서 구매하고 사용해보았는데, 실화소니 정말 좋은피부를 더 좋은 깐 달걀로 만들어주는..! 딱 다음날 일어났을 때 피부의 결과 광이 달라요 !!?? 물론 모공이나 블랙헤드는 꾸준하고 부지런하게 관리를 해줘야겠지만 왠만한 피지제거 해주는 필링젤 오일 다 사용해도 자잘하게 남아있는 피지들이 거슬렸는데 smts 한번에 피부 고민이 정말 많이 개선이 되었어요 ! 그래서 이번에는 친구와 나누지 않고 기다렸다가 바로 구매했습니다 :)???? 그리고 홈케어인 상품인 만큼 뭔가 하고 나면 뿌듯한 자기관리 열심히 하는 느낌이고, 얼굴에 바르고 씻어내는 상품이 아니어서 바르고 씻어내는 팩 상품보다 덜 귀찮아요 ..! (ISFP임 진지) 정말 강추합니다 !! 한번만 경험해보셨으면 좋겠어요

댓글이 삭제되어서 다시 올려용 ㅠㅠ!!"
1,몇년만에 봤는데 여윽시 예.쁘.시.네.요.
1,"smts 사용하고 나면 피부결이 좋아지고 광채가 살아나요다만 트러블 올라올 기미가 보인다 싶을때 사용하면 트러블이 자극 받아 좀더 뾱 하고 올라오더라구요 지금은 트러블 다 가라앉고 피부 안정기 되찾았습니다 주기 맞춰 꾸준히 사용해주면 꿀피부 쌉 가능??

이메일 남기니까 자동 삭제 돼서 이벤트 참여 글만 남겼습니다"
1,닥터하우쉬카 독일출장 븨로그도 챙겨봤오요.. 파리 븨로그 놓칠수업숴..????
1,Ha Neul 오늘의 하늘님 먹는모습이 아주예쁘군만요.
1,"플리마켓때 받아서 써봤는데 너무 좋아요 마스크팩이랑도 찰떡





저는 이메일쓰면 댓글 자꾸 지워지네요 ㅠㅠ"
1,"smts 찐인생템이제는 없으면 안될 존재가 되어버림??
내 피부 정말.. 하늘언니처럼 초예민피부에다가 속건조 심한 피부.. 피부톤은 예쁘지만 매번 턱 주변, 볼 매달 한번씩 주기적으로 나서 붉은 여드름 흉터가지고 있어 매번 스트레스 받았고 좋다는 제품 다 써봤지만 ,일시적일뿐 매번 반복되는 올라오는 초 예민여드름피부였는데.. 
smts쓰고 나선 매달 올라오던 여드름 안올라오고, 볼에 있던 좁쌀여드름도 보들보들 그자체 피부되어버림! 거기다가 속건조까지 잡아주니 smts광 장난 아님.. 광때문에라도 포기못함..!!!명품 광임
원래 밤에 케어하는거 귀찮아하는데 smts는 캘린더에 적어 놓고 알람까지 맞춰서 무조건 하고 자는 필수템이 되어버렸어요! 사랑해요 smts! 공구해줘서 고마워요 하늘님"
1,"sMTS 첨에 쓴날 너무 자극적인가? 영양이 많나?? 생각했는데 웬걸?? 뒷날 일어났을때 피부가 그 영양을 쏙쏙 다 먹어서 그런지 정말 하기전과 많이 달라지더라구요~ 그냥 평소때도 좋아지는게 느껴졌는데 임신하고나서 건성에 민감성이 돼서 아무것도 못쓸때 효과 많이 봤어요!! 속건조 잡아 주는데다가 호르몬때문에 하나둘씩 나던 뾰루지가 가라 앉아서 정말 좋았어요!!
(댓글이 계속 삭제되네요ㅠ / jhstyu 지멜 입니다)"
1,"8:20 진짜 찐템이예요ㅜ.ㅜ 전후사진 보내드리고싶을정도로...!!! 하늘님처럼 트러블성+극예민피부인데 고영양제품을 한번도 안사용해봐서 걱정되는맘이 컷지만 그래도 안해보는거보단 나을 것 같아서 구매하고 지금 거의 6개월?7개월째 사용중인데 정말 ㅜㅜ 정말 피부가 다시 태어났어요,, 하늘님이 일년전 트러블피부였다고 스토리에 올리실때 그피부가 딱 제피부였거든요ㅠ (저는 볼과이마가 엉망진창이였답니댜.....)
피부과, 관리샵등등 회원권끊어서 열심히 관리해도 그때뿐..
피부에좋다는약 영양제 다 먹었는데도 진심 홈케어가 답이더라구요 피부는 ㅠ
근데 솔직히 첫달은 음..? 했는데 그냥 계속 썻어요 그랫더니 두세달째부터는 눈에띄게 트러블이 올라오지않았고 지금은 거의 트러블이 한두개?정도만 올라오는 피부로 변했어요 !! 아직도 믿기질않아욬ㅋㅋㅋㅋ 암튼 smts 꼭 사용해보세요,,, 진짜 조음 ㅜㅜ 말로표현이안돼여.....답답해미챠!!!!

mon385@naver.com"
1,저 이거 하구 완전 광명 찾았어요!!!! 너무 촉촉햐!! 매끈 매끈 중독이에요
1,"구매하기 전 솔직히 후기들 이렇게 많고 다들 좋다고 하는데 사람 마다 차이 있을꺼고 피부과 관리받는거 생각하면 비싼 가격도 아니지만 꾸준히 사용안할꺼같아서 처음에는 구매 망설이게 되더라구용 근데 곧 결혼을 앞두고 있어서 이대로는 가만히 있을수없어 효과있으면 있는거고 없으면 어쩔수없다라고 생각하고 주문했는데 오자말자 사용해보니 광이광이 장난아니더라구요? 한개도 2~3번 사용할수있어서 너무 좋았고 사용한 뒤 피부가 촉촉하고 광이 나니깐 전 너무 만족했어용 
무엇보다 smts랑 엑소메라 마스크팩이 완전 찰떡쿵떡 조합이더라구용 2~3일에 한번씩 사용해주니 안하는 날에도 피부가 탱탱하면서 광이나니깐 다들 피부좋아졌다고 하더라구용 좋아졌다는말도 듣고 조금이라도 변하는 모습이 보이니 꾸준히 사용하게 되었고 중요한 날 전에는 꼭 사용해주고 있어용 앞으로도 계속 구매 할꺼같아용"
1,"좁쌀 항상 달고 살던 피부+ 마법날과 날씨 변동이면 피부결도 거칠어져서 화장도 잘 안 먹던 피부.. 진짜 대환장의 피부를 가졌는데요, 피부관리샵, 피부과 번갈아 가면서 다니다 더 예민해진 피부보면서 홈케어 위주로 잘! 관리해보자! 싶어서 sMTS를 구매했어요?? 반신반의하면서 구매했지만 비싼 가격때문이라도 정말,. 피부 좋아졌음 좋겠다.. 싶었거든요! BUT 제 걱정과는 다르게,, 자고 일어나니까 진짜 좁쌀도 많이 줄어들고 피부가 빤딱빤딱하니 결이 정말 매끈해졌더라고요!!?? 진짜 놀라움 그 잡채.. 하늘언닌 이걸 어떻게 발견한거냐며.. 비싼 값 한다고 혼자 얼마나 발랑발랑거렸는지 몰라요ㅎㅎㅎ? 덕분에 예전처럼 여드름도 많이 안 나고 좁쌀도 많이 잡혀서 마스크 없이도 당당하게 피부 보여주면서 다닐 수 있습니당 비싸도 피부과+피부관리샵 가는 돈보다는 싸니..!!!! 늘언니 공구 열릴때마다 사서 재재재구매중!!!? 전 sMTS 만난게 신의 한수입니다.. 피부 하나 좋아지니 스트레스 안 받아서 성격도 좋아지는 듯요히히 모두들 꿀피부 되자구요!!!!!!!! 
(guswn5152@네이버)"
1,하늘님  영상 잘보고 있어요 ^.^ ㅎ
1,"저는 수부지의 예민한 트러블 피부인데요 피부가 예민해지고 뒤집어져서 피부과 시술도 이것저것 받아보았는데 오히려 더 뒤집어지고 난리가 나더라구요 정말 그래서 처음엔 속는셈 치고 sMTS 사용해봤는데 근데 왠걸 정말 단 1회 사용했는데 다음날 아픈 염증성 트러블이 조금가라앉았어요 저 진짜 마취크림 알러지 등 별 진짜 예민하고 붓고 난리나는 피부인데 정말 좋아요 

다섯번째 남기는데 이메일 적으니까 댓글이 삭제돼서,, 글만 남겼습니다??"
1,"댓글이 삭제되어서 5번째 다시 쓰는 후기 !!!

안녕하세요 :) 저는 아직 취준생 2n살 입니다 ,, 고정적인 수입이 없는 상태에서 sMTS를 구매하는 건 조금 부담스러운 일이더라구요 ㅠㅠ 그래서 저번 생일에 친언니한테 생일선물로 사달라고 해서 사용해 봤어요 .. ♡

사실 피부가 예민하거나 여드름 때문에 크게 걱정이 있는 스타일은 아니었기에 
큰 효과가 있을까? 싶었는데 .. 효과 완전 있어요 !!!!  그나마 걱정이었던 코 각질 부분이 깨끗하게 정리됐어요!! 그리고 제 생얼이 너무 좋아졌달까 ??? smts 사용하고 난 담날엔 선크림이랑 립만 발라도 피부 톤도 한층 환해지는 것 같고 광도 장난 아니에요  진짜 피부과 시술을 받으면 이렇게 될까? 같은 효과면 이 제품이 훨신 이득 아닌가? 짧았지만 한달 사용해보니 정말 프리미엄 홈케어 제품이라는 말이 거짓이 아니구나!! 오히려 가격이 납득가는 제품이었어요 ?? 

다만 아직 취준생이라 맘 편히 내돈내산은 못하지만 !! 취업하고나서 꼭 쟁여놓을 제품입니다  그래서 이번 이벤트가 너무 간절해요  .. ??


(이메일 남기면 자꾸 삭제되는 것 같아서 메일 없이 코멘트만 남겨요 ㅠㅠ)"
1,"저는 하늘이네마켓 초초초창기!!!! Smts 첫 공구부터 구매한 하리보 입니다 많은 분들이 “트러블 피부에만 효과가 있나?” 라고 생각하는 것 같아요.. 이점이 가장 아쉬워서 댓글로 나마 도움이 될수 있도록 남깁니다!! 저는 트러블 전혀X 없는 평범한 피부구요, 겨울엔 정말 뱀살 갈라지듯이 얼굴에 뭘 발라도 너무 건조해서 따갑고 따가워서 자꾸 만지면 각질일어나고.. 설상가상 이였어요. 그렇다고 각질케어를 아예 안할수도 없고 케어를 하자니 더 건조해지고 이도저도 못하는 상황이였는데요, 미세 스피큘들이 피부 속 모공깊숙히 침투한다는 말에 첫 공구때부터 라방을 꼼꼼히 보고 구매했어요!! 받자마자 처음 사용한 그 날!! 정말 오바가 아닌, 제 스스로도 거울을 계속 보게 될 만큼 신기하게 촉촉하고 안색이 뽀얀(?) 느낌에 놀래서 바로 동생에게도 전파했어요.. 댓글이라 사진은 못남기지만 홈케어로 3분도 안걸려서 대충 휙휙 하고 마스크팩 딱! 붙이고 잔것 뿐인데 그 효과가 이정도다? 진짜 피부관리 돈주고 안해도 될만큼 편하고 쉽고 효과가 좋았어요. 그 이후 지금 꾸준히 구매하고 있고 궁금해하는 친구와 자매들한테도 몇알씩 나눠줍니다.. 아직도 안써본 분들이 많다는게 신기해요.. 그리고 제발 한번만이라도 써봤으면 좋겠어요 다들!! ?속건조가 심한사람, 모공이 얼룩덜룩 요철이 부각되는게 고민인사람? 강추입니다!! 극건성 피부라 각질제거도 잘 못하던 저인데, 살을 억지로 긁어내는 각질제거가 아닌 잠재우고 결을 깨끗하게 정돈해주는 오일스크럽이라 극건성도 자극없이 쓸수 있구요, 무엇보다도 스피큘의 좋은 성분들이 마스크팩과 만나서 피부속으로 다~ 깊게 흡수시키는거라 자기전에 쓱 하고 자면 정말 아침에 맑아보여요!! 이걸 꾸준히 하시면 모공도 깨끗해보이고 모공이 깨끗해보여야 모공이 작아보이거든요.. 그리고 귀찮다고 한두번 하고 내버려두지마시고 내 피부가 건강한 싸이클을 찾을수있게 한달 정도는 꾸준히 써봤으면 좋겠어요!! 절대? 스크러빙 후 씻어내거나 손으로 흡수시키는게 아닌, 스크러빙 후 그 위에 마스크팩을 붙여서 알갱이들이 자연스럽게 녹으면서 피부로 흡수될수 있도록 해주는 팩이예요!!! 올바른 사용방법으로 꾸준히 자기만의 루틴을 만들면 극건성 속건조였던 피부도 건강한 꿀광피부 가능해요!!!! 제가 너무 많이 고생해봤기때문에 이렇게 장문으로 남기는거랍니다ㅠㅠ 트러블없는 보통 피부니까 안써도되겠지? 별로 도움안되겠지? 하지 마시고 저처럼 평범한 피부도 모공, 속건조에 홈케어로써는 드라마틱하다고 볼수있는 효과를 볼수있으니까 꼭 한박스라도 써보세요!!!!? 하리보 피부 smts로 절대 지켜…?


(이메일 weareyoung88@nate.com)"
1,우와 자주 올려주세요ㅠㅠㅠㅠ
1,하늘님 주말 잘지내셨나요
1,"저로 말할거같으면 주기적으로 피부과가서 리쥬란mts, 아기주사mts 받아왔던 사람입니다..한번 받구나면 프락셀 정도는 아니지만 그래도 얼굴이 붉어지고 각질이 벗겨져 중요한날 일주일전부터 해왔었는데 smts는 급하게 잡힌 중요한날도 상관없이 모두 사용 가능해서 너무 유용하고ㅠㅠ효과는 말할필요가 없어요!!! 덕분에 한달에 한번 가던 피부과 6개월에 한번 턱보톡스 맞으러가는걸루 횟수가 확 줄었습니다ㅎㅎ"
1,하늘님 브이로그를 재미있게 볼게요
1,너무 이뻥
1,"인플루언서, 유튜버가 마켓하는거 일단 엄청 믿음은 안가던 사람 그게 바로 접니다 여러분,, 근데 sMTS를 처음부터 믿지 않은 제 자신.. 과거로 돌아가서 딱콩 한대 때려주고 싶어요!! 관리샵, 피부과를 돌며 대체 얼마를 더 낭비한건지 ㅠㅠㅠ

처음 sMTS 1박스 구매할때 쓰면서 효과는 봤지만 굳이 엑소메라 마스크팩까지 써야하나 싶었어요? 에이~ 저 돈이면 올**에서 메* 마스크팩이 몇장인데,,~ 그거 그냥 쓸래
라고 생각했던 사람도 저예요,, 근데..! 두번째 구매할때는 sMTS 1박스랑 엑소메라 마스크팩을 같이 사용했더니 말입죠?! 이거 그냥 바늘과 실이에요ㅠㅠ? 
sMTS에 엑소메라 안쓰면 스팸김치볶음밥이라고 해놓고 리챔넣은것 같다구요 ㅋㅋㅋㅋㅋㅋㅋ

아무튼!! 지난번에 적게 산거 후회하다가 이번에는 2박스에 마스크팩까지 쟁였답니다?

일단 제가 가장 효과를 느낀 점은요..!
물갈이는 이제 더 이상 없슴니당
     뒤집혀도 선인장+sMTS면 끝 !
생리 때 뒤집혀도 걱정이 없어요
아~ 오늘 화장 좀 잘 하고 싶다~할 때
     전 날에 sMTS하고 자면 완전 화잘먹??
자극가는 성분이 함유된 무슨 패드들, 필링젤 이런거 이제 절대 쓰지 않아요 ㅠㅠ 난 sMTS 하니까!!!

진짜 성인돼서도 피부 트러블로 고민하시는분들 이거 꼭 사용해보셨으면 좋겠어요ㅠㅠ 저는 아직 대학생이라 솔직히 이걸 척척 구매해 낼 용돈이 넉넉하지는 않지만 엽떡 참고, 치킨 참아서 sMTS 구매합니다 정말 찐으로 사랑해요!!!!

마지막으로 이렇게 항상 마켓 열어주는 하늘언니 저를 구해줘서 고마워요

제 이메일 주소는 raeyoon25@naver.com 이요?"
1,"이제 없으면 불안한 sMts에요 관리하고 난 다음날 피부가 부들부들 보슬보슬 속에 수분이 가득찬거같은 느낌을 받아요 계속 써오다가 저번 구매때 사정이 있어서 구매를 못했었거든요? 몇달동안 진짜 타사의 필링 제품이란 제품은 다 썼는데도 뭔가 피부가 답답한느낌이 들어서 힘들었어요 이번에는 잊지 않고 구매했어요 smts하고 엑소메라 마스크팩까지하면 살갗을 벗겨낸것처럼 화사하고 애기피부같아져서 매번 신기해합니당 진짜..최고입니다

이메일 남기니까 자동삭제가 되는거 같아요ㅠㅠㅠ 댓글로 당첨자 알려주셨으면 좋겠습니다 늘언니 오늘도 행복한 하루 보내세요??"
1,마지막식당 지렷다..
1,아니 언니 저 지금 처음 써봤거든요? 아니 이거 뭐야 정말루 ..? 아니 진짜 저 세박스에 마스크팩 추가로 하나 더 샀는데 진짜 후회 절대안해여 .... 처음인데 피부결 진짜 마스크팩 떼자마자 깜짝놀랬어요 .... 아니 솔직히 말하면 수아이레랑 하우쉬카 효과 못봐서 속상했는데 ㄹㅇ 이건 찐 꿀템임 .. 언니 ㅜㅜ 이거 꾸준히 열어주세여 찬양합니다아????
1,하늘님 진주 귀걸이 어디껀가요? 너무 이쁘고 잘 어울리세요 ㅠ
1,하늘님 출산하고 기미 주근깨 많아져서 너무 스트레스인데 제꺼 살 돈에 아이제품 고르게 되더라고요 ㅜㅠ 저도 써보고 싶네요
1,혹시 베르사유궁전에서 입으신 치마 정보 알수 있을까요ㅠㅠ 너무 예뻐요!
1,살이 올랐어요 귀욤
1,"하늘하늘님 또 안하나요 ㅠㅠ 흑..
구입절실한데... 속건조 너무심하고.. 야근으로 인해 트러블너무나서 너무 사고싶었는데..
구입못했네요.. 언제쯤 공구하시나요 !"
1,하늘님 귀걸이 어디껀가요??
1,고3으로 살다보니 피부관리를 제데로 못해요 smts 갖고 관리하고 싶네요
1,1빠
1,목걸이정보궁금해요
1,"안녕하세요 저는 하늘언니의 얼짱시대때부터 팬인 하리보 입니다?
소극적 하리보인데
이렇게 에스엠티 때문에 댓글 이벤트도 참여합니더..!
일단 처음에는 저도 가격땜에 고민을 많이 했는데 사용하고 나서 더 안산 저를 나무랬어요 ㅎㅎㅎ 이번 마켓에서 3박스 쟁입니다…! 
일단 저는 속건조인데 뭘 발라도 건조해서 정말 아픈 시술응 자주 받았는데이거 사용하고 나서 병원 자주 안가요?

피부과 시술 저리가라입니다!
탱글이랑 에스엠티 정말 강추합니다!

속건조에 피부 가뭄인 저를 ! 피부가 원래 좋은 사람 처럼 만들어주는 팩이에요!
아직 안 산분들 무조건 사세여 ㅎㅎㅎㅎ
팩을 많이 쟁이면 오히려 좋는거에여…

피부과 갈돈 정말 많이 아꼈어요!
일단 광이랑 촉촉한은 이루 말할구 없고
좁쌀 여드름이 그렇게 많던게
사라졌어요!

하늘언니처럼
이렇게 좋은 제품 공구하는 사람 언니 뿐이에요?????

여러분 요거 정말 속건조러들에데 강추!!!!
이메일: vhxj678@네이버 

(계속 삭제 되네요)"
1,"언니의 설명 5:19 을 듣고도 고민되신다면..
저는 민감+트러블 피부인데요! 
아픈걸 정말 싫어해서 피부과 가도 압출x 주사x 시술x 오로지 피지 조절제만 처방받아 먹을 수 있었어요
하지만 피지 조절제는 악순환의 시작이었죠..
그러다 친구에게 smts를 선물받았어요!!
아주 극찬을 하길래 반신반의하며 사용해봤는데
이게 왠걸.. 진짜 1회 사용에도 푸석하던 피부가 다음날 아침까지 말랑했구요 거짓말처럼 좁쌀이 사라지기 시작했어요ㅠㅠ
큰 트러블은 올라오려고 할 때 스팟케어처럼 해주면 올라오다 말고 들어가더라구요..?
맘같아선 주변에 막 뿌리고싶은데 트라이 키트 같은 게 있으면 넘 좋겠어요??
한 번만 써보면 그때부턴 헤어나올 수 없거든요 정말로ㅎㅎ
함께 판매하시는 마스크팩과 궁합이 찰떡이라고 하던데 그건 이번에 경험해보려구요!!!
내피부.. 더 좋아질 일만 남았다
knh01j14@gmail.com"
1,"피부가 좋다고 진짜 자주 듣는데, 물광피부 표현을 너무 좋아해요!!!! 하우쉬카 만드는곳까지 가셔서 보여주니까 더 신뢰도 되구 
제품력도 너무너무 좋아보여요! ????"
1,"플리마켓 갔을 때 하우쉬카 제품 테스트 해보면서 파니실장님께서 엄청 친절하게 설명도 해주시고, 5월에 하우쉬카 독일 본사 가는데 기대 많이 해달라고 하셨거든요 그 이후로 하늘님의 독일행만 목빠지게 기다리고 있었는데, 인스타그램 게시물에서부터 하우쉬카 제품에 대한 믿음이 엄청 생기기도 했고, 마침 기존에 쓰던 기초제품을 거의 다 써가서 이번에 구매하게 되었는데 너무 기대돼요 
그리고 이번 영상을 보니 하우쉬카 사길 잘했다는 생각이 진짜 엄청 확실하게 드네요! 
저도 하늘님이랑 비슷한점이 진짜 많아요!(해외가면 피부 100%뒤집어지는 초민감성 속건성피부, 해외가면 변 잘 못보는 체질, 그리고 심지어 머리카락 특성까지 닮았어요ㅋㅋㅋ 저도 한 뒷가마 합니다!)
그래서 하늘님께서 마켓 진행하시는 제품마다 다 제 말 같아서 사게되는데 후회했던적이 단 한번도 없었어요
여태는 기초제품이 너무 많이 남아있기도 했고, 취준생의 입장에서 가격대가 살짝 있다고 생각했어서 구매를 망설였는데
얼마전 첫 월급을 타기도 했고, 하늘님의 독일행 게시물과 영상 보면서 하우쉬카에 대한 엄청난 믿음과 기대가 생겼고, 또 하늘픽은 실패가 절대 없을거라는걸 너무 확실하게 알기에 질러버렸어요!!
벌써부터 인생기초가 될거같은 느낌
얼른 써보고 싶고, 선물도 받게된다면 너무너무 기쁠거 같아요!"
1,닥터하우쉬카 만드는곳 신념과 정성을 보니 더 믿음이 가네요 역시 명품은 그냥 만들어지는게 아니에요 제품력 너무 좋아요!! 앞으로도 오래오래 해주세요오
1,직접 농장에서 재료를 키우고 연구해서 화장품으로 만들어지다니 너무 친환경적이고 신뢰가 팍팍 가네요 특히 벌 너무 소중해 절대지켜…. 진짜 재료를 키우는건데 그냥 평화 그 잡채 저도 투어 너무 가고싶네요!!!!!! 제품 믿음이 팍팍갑니당
1,"이메일을 남겨서 그런지 댓글이 삭제되네요ㅠㅠㅠㅠ

닥터하우시카 직원분들 일하시는 모습을 보니 정말 화장품 개발에 얼마나 진심인지 느껴져서 감동 받았습니다

민감한 피부라서 스킨케어 잘 못바꾸는 편인데.. 하우시카는 꼭 써보고 싶어요!!!"
1,오랜만에 브이로그라니!!!  진짜 농장규모가 어마어마하네요 유기농 제품이라 더 믿고쓸수있는 브랜드 인거 같아요!정말 신기한 경험인거 같아보여요
1,끄앙 영상 보니 더더더더 신뢰가는 제품이에요.. ㅠㅠㅠ 진짜 속건조에도 최고  계속 계속 팔아주세요 하늘님 .. ??
1,제품 오늘 받았어요!!! 항상 인스타 제품은 사지말자.. 속지말자... 했는데 하늘님께서 직접 독일본사도 다녀오고 세세히 영상찍어주셔서 믿고 구매할 수 있었어요!! 제품도 왜 광난다는지 발라보니 알 수 있더라구요. 영상도 유심히 잘볼게요????
1,"하늘님 인스타 피드도 그렇고, 라방볼때마다 어떻게 이럴수있지?싶을만큼 애정하시는거 느껴져서 그런지 이것만큼은 꼭 사용해보고싶더라구요!
하늘언니 예전부터 팬이다보니까 플리마켓가서도 하늘이네 마켓 제품 테스트해보고 그러다 선크림까지 구매했는데 진짜 피부관련 제품이나 뷰티기기는 최고더라구요!
한번 구매해서 써보면 아,,,!이래서 다른제품나오면 또 사보고싶다하는 구매욕구가 막 충전되는데 특히 이 하우쉬카는 하늘님이 파니실장님과 독일에 비즈니스석으로 초청받을만큼 잘팔린 제품이잔아요ㅠㅜ 출장가실때마다도 그렇고, 늘 사용하시는 스킨케어로 알고있어서 저도 보면서 한번 꼭 사용해보고싶었는데 그 어떤 이벤트보다도 지금이 간절한것 같아요!ㅠㅠ
피부가 너무 민감해서 저도 하늘님처럼 화장을 지울때도 자극받고, 무엇보다 자주뒤집어지고 붉어지는거때문에 아직 여름 시작도 안했는데 기름이 폭발해서 여드름 투성이의 얼굴로 변했거든요,,,ㅎ
뒤집어 질때마다 관리해서 돌아오시는거보고 진짜 이건 돈많이벌어서 걱정없이 쟁이자!!하는 생각이 들만큼 저도 너무 애정하는 브랜드인데 비록 사용해본적은 없지만 사실 믿고 써보고싶은거 아니겠어요?
세럼 얼굴에 펌핑하고 저도 언니처럼 문진문질하고 싶었거든요!인스타 따라하기~~~ㅎㅎ세럼만써도 너무 좋지만 3종을 다 쓰면 제 얼굴에 어떤변화가 일어날지 너무 기대되요
곧 SMTS 마켓이 돌아온다던데 그거랑 같이쓰면 완전 꿀피부 보장되겠네요!

dahid012 골뱅이 naver.com"
1,직접 국내도 아닌 해외 본사까지 다녀오는 건 하늘마켓뿐이겠네요 여자친구 선물하려고 구매했는데 찐으로 보니까 더 믿음이 가네요 하늘이 마켓 오래 해주십쇼 
1,"이거보고 더 닥터하우쉬카에 대해서 궁금해졌어요^^* 그리고 언니가 히는 공구는 믿고 사는 면이 있어서 좋아요~??
다양한 이벤트도 함께 있어서 좋습니다"
1,영상 보고나니까 더 신뢰가용  독일 일정 끝나자마자 올리다니 대박 !!! 너무 좋아요........
1,하늘님 항상 웃는모습보면 진짜 너무너무 좋아요 매일힘들어도 하늘님 영상보고 오늘하루도 화이팅합니다.그러니깐 항상 행복하시고 아프지말고 건강하고 하시는일모두모두잘대고 1일5맥은하지마시고 운동꾸준하셨으면 좋겠습니다. 멀리서 응원할게요 항상 꽃길만걸으세요 늘~화이팅!!!
1,"닥터하우쉬카세럼을 하늘언니 통해서 처음 구매하고 써봤는데 악건성인 저에겐 너무 신세계였어요 !! 일년에
한두번은 꼭 여드름이 올라오는 피부였는데 하우쉬카를 만나고 아직까지 트러블이 없습니다 .. 모든원인이 수분부족이였나 생각이 들어요???? 여러분 정말 수분이 중요해요 !!! 다들 하우쉬카 경험해봤음 좋겠습니다아 "
1,유튜브 너무 기다렸어요오  하늘웅니 웃는 모습이 완죤 힐링입니당
1,"예전에 관리의 신으로 불리는 옥주현님이 하우쉬카로 피부 관리를 한다고 해서 얼핏 들은 적이 있는데, 매번 하늘님 인스타를 통해 굳이 다른 멘트나 설명을 들을 필요 없이 은은한 광채가 자연스럽게 도는 피부를 여러 번 접하다 보니까 자연스럽게 ‘하’며들었달까요. (참고로 여기서 하는 하늘님 하우쉬카 둘 다 포함입니다) 근데 무엇보다 이렇게 직접 독일 본사까지 방문하셔서, 우리가 쓰는 화장품이 어떤 원료와 재료로 만들어지는지 또 그 재료조차 직접 재배한다는 걸 눈으로 유튜브로 보니까 너무나도 큰 믿음이 갔어요 공장 방문하거나 이런건 봤어도 직접 본사에 농장이라뇨  지금까지 이렇게 기초에 진심인 유튜바는 없었다 !!! ? 무튼 하우쉬카 좋은 줄은 알았어도, 요즘 아무리 좋은 화장품이래도 화학 성분 많고 논비건 제품이면 패스하는 경우가 많았는데, 이렇게 날 것 그대로 비건 제품에 좋은 성분으로 만들어졌으니 보나마나 좋을 게 뻔한 건 당연한 것 같습니다 이번에 하늘님이 출시한 엑소메라선크림 직접 구매해서 사용해보면서 미친 부드러운 발림성에 촉촉하게 스며들어서 여느 선크림이랑 다르게 바를 때마다 귀찮지도 거부감도 안들어서 잘 샀다 싶었는데요, 그래서 하늘님이 매번 입 마르도록 칭찬한 하우쉬카도 경험해보고 싶어요?? 저 또한 하늘님처럼 성인여드름에 예민성 피부 그 자체라 화장품 하나 잘못 바르면 일주일 내내 뒤집어져서 최악의 기분을 면치 못하는데, 피부의 가장 중요한 기초 화장을 하우쉬카랑 함께 해보고 싶어요 
(이건 번외로 평소 마음 우울하거나, 괜히 복잡할 때 하늘님 특유의 편안한 브이로그 많이 보는데 직접 요리해서 먹거나 집안일 하는 그 뻔한 일상이 어쩜 평화롭게 행복해보이는지.. 일상 브이로그 마구 마구 올려주세요 !!!! )
- hyejeong0423@naver.com"
1,하진짜하늘언니미친영업왕 집에하우쉬카 쌓아놨는데 립밤바르면서 또 구매완료... 좋은건 알고있었는데 이렇게까지 친환경 비건인줄 몰랐어오... 세럼이 저렇게 만들어졌구나!! 피곤하실텐데 좋은정보주셔서 감사합니다!! 많이 팔아서 하늘이네마켓에서 오래오래 판매해주세요!!!!!!!!
1,유기농/비건 화장품은 사용해본적이 없는데 속건조와 민감성 피부를 가진 저와도 찰떡일지 궁금하네요!! 닥터하우쉬카 브랜드에 대해 잘 알지 못했는데 영상으로 보니 더 믿음직스러워요
1,"하우쉬카랑 하늘님 이미지가
너무 잘맞아요~믿고 써볼게요^^♡♡♡"
1,인스타그램에서 봤지만 영상으로 보니까 하늘씨랑 같이 동화책 속에 들어갔다 온 듯한 너낌이네요~ '와~'라고 말하는 거 몇 번 하는 지 새어서 말해주려고 했는데 너무 많이 '와~'라고 말해서 포기 ㅋㅋㅋㅋㅋ 저두 영상 보면서 계속 '와~ 와~' 했는데 현지 투어 갔으면 기쁨에 기절했을지도 몰루~~~
1,오늘도 하늘님 독일 브이로그 영상 재밌게 잘봤습니다.하늘님 5월에도 방송 열심히 하시고 행복하시고 좋은일 가득하시길 바라겠습니다.ㅎㅎ
1,언니 덕분에 알게된 하우쉬카!! 너무 궁금해요 출장 다녀오신거 재밋게 잘 봤습니다~~~~
1,"0:57 ㅋㅋㅋㅋㅋ시작부터깨알터짐
2:24 피부광 무슨일 넘밝아서 옆사람깰듯
3:45 하리보미쳐따쏘스윗맨~!
6:13 말 왜케잘해...이미샀는데 영업당함...
9:54 어떤데! 어떻게다른데요!
11:03 와 오리지널버전 넘 느낌있당 언제 이벤트성으로 패키지 나옴 좋겠어요 ㅎㅎ
11:32 환영ㅋㅋㅋㅋㅋ뫼비우스의띠 먼데ㅋㅋㅋ 헤어나올수없는 늪 그런건가
12:27 쏘스윗맨~!! 너무예뻐ㅠㅠ
17:08 ㅋㅋㅋㅋㅋㅋㅋ퉤퉤
25:19 이삼남매 진짜 젤귀??

오랜만에 대리만족 브이로그 넘 좋았어용 넘 짧아~!!??"
1,제가 젤 가고 싶은 곳이 독일인데 하늘님 덕분에 독일 간접 여행하고 온 거 같아요ㅎㅎ smts는 잘 사용중인데 닥터하우쉬카 살까 말까 고민 중이에요. 하늘님처럼 민감성 피부라 호옥시 안 맞을까 봐 고민하고 있었어요ㅠㅠ 이번 기회를 통해 경험해고파요 그리고 무슨 일이 있어도 늘 응원합니다 하리보 올림
1,닥터하우쉬카 쓰면서 어떤 곳인지 어떤 것을 추구하는 브랜드인지 궁금했는데 감사해용
1,하우쉬카 보러 왔어요!!!!!!!!!!! 증마루 기대되는 제품이라 체험해보고 싶어요옹
1,10:10 너무 예뻐요 
1,호홋 이벤트 당첨되서 친규 선물 주고싶어요!! (전 이미 구매 완료) 닥터하우쉬카 쓰고 있는 1인입니다!!!! 하늘님 픽은 믿고 사는 편이라 바로 구매해서 사용했는데 진짜 좋아요 물광 속광 빛광 광광광 피부도 너무 좋아보이고 회사에서 피부 좋다는 소리 1000번은 듣는거같아요 저때문에 닥터하우시카 사신분 4명이나 있어요 하늘님!!!(속닥) 저희 엄마도 종종 제방와서 쓸 정도로 정말 좋아요 다양한 이벤트도 감사드려요 항상
1,"머야아ㅠ저 엄청 길게 적었었는뎅..왜 사라진거쥬
언니 영상 엄총 기다렸어오>_<
그리구 하우쉬카가 을메나 좋으면 먼 나라까지 찾아가시고 직접 하늘님이 찾아가주셔서 하나하나 세세히 보여주니까 더 믿음가게 돼는 것 같아여
안그래도 저 수분크림 정착 맨날 못해서..
또 이번 꺼 다 쓰면 바꾸려고 했는데 하우쉬카 써보려구요!!
그 전에 당첨돼서 써보고 싶네요
이쁨 열매 먹은 언니 잘 보고 가용"
1,양갈래 머리 넘흐 잘 어울리는 것 
1,오랜만인 하늘 븨로그..
1,영상 잘보고가요  하우쉬카 꼭 써보고싶어요
1,유투브 보고 바로 마켓으로 달려가 구매햇네요 기대됩니당
1,닥터하우쉬카 첨으루 하는마켓에서 구매했어용 넘기대됩니당
1,우앗 오랜만에 브이로그! 언니 비행기 안에서 눈밑에 붙인 패치 뭔지 궁금해용!!
1,인스타 보고 보니까 익숙하고 더 재밌네용ㅎㅎㅎㅎㅋㅋㅋㅋㅋ
1,영상만 봐도 힐링된다 ㅎㅅㅎ
1,얼마만의 브이로그야 ㅠㅠㅠㅜㅠ
1,저도 댓 남겼었는데 삭제ㅠㅠㅠㅠ 늘님 브이로그 너무 좋아요 최애야 내 최애!!!! 계속 올려조요 ㅠㅠㅠㅠㅠㅠ일상브이로그까지 다ㅠㅠㅠ
1,그냥 자연 그 자체를 병에 옮겨담았다는게 눈으로만봐도 느껴지네요.
1,sMTS.... 강력한 그분이 드됴 오시네요 sMTS로 케어해주고 엑소메라팩 붙이고 잔 다음날 떼주고 하우쉬카로 기초케어 해준다음 엑소메라선크림>엑소메라쿠션으로 마무리 해주면 천상계피부 완성임....??? 제가 악건성으로 엄청 고생했고 툭하면 피부트러블로 엄청 고생많았었거든요? 하늘이네마켓 제품들로 싹 바꾸고 사용하면서 속건조 싸악 잡았습니당!!!!!!! 이번에도 오픈런 할게요??????
1,하우쉬카 살까말까 고민 오백번..... 하늘님 피부보면...... 지르고싶은디요써보고싶다아아앙
1,하늘님 브이로그를 잘 볼게요
1,오랜만이애용 기다렸어용
1,하늘님 5월달도 화이팅입니다
1,닥터 하우쉬카 갖고싶네요
1,파이팅입니다 ㅎ
1,Ha Neul 오늘의하늘님 독일여행 재밌있었나요.
1,폴란드엔없드라고요 약국에 ..저지금 폴란드인데  쓰고싶어요 담에 이탈리아나 스위스여행갈때 꼭사야겠어용
1,그래서 립밤이 어디껌가요???ㅋㅋ
1,"우와 이렇게 빨리 유튜브에 영상이 올라올지몰랐어요!!!!ㅎㅎㅎ하늘님이 쓰시는 제품 90프로 이상을 다 쓰고있는 찐 하리보에용!!! 하우쉬카라는 제품이 일반인들에겐 조금 생소했는데 쓰면서 한번더 감탄한 제품이였어요!!! 쌩얼도 쌩얼이지만  그위에피부화장을하면 너무 과하게 반딱거리는것도 아니구 은은한광이 돌면서 너무 예쁘더라구요~! 민감성남편도 써보더니 너무너무 좋다며 극찬을 했어요 ㅎㅎㅎ 영상보면서 정말 좋은성분으로 만드는 회사라 믿고 쓸수있을거같아요!!! 대리힐링 마니합니당^^!! 늘 좋은 제품 생기면 공유해주시고 상세히 설명해주시는 하늘님!!!!정말감사합니다~~ 어느것을 추천해주셔도 다 맘에들어서 제가 주변에도 극찬하면서 자연스레 홍보하는거같아요ㅋㅋㅋ이제 곧 결혼이라 결혼준비하면서도 매일매일 하우쉬카와 함께하면서 잘 준비해볼게요!!!!! 근데 하늘님이 만든 제품은,,,너무나 궁금하네요 ㅜ꼭 당첨되길바라며  늘행복하세요 아이러브하늘????puttelove@naver.com"
1,전부터 착용하고 있는 반지가 하나같이 너무다 예쁜데 소개해주는 영상 보고싶어요
-1,"처음부터 죽을운명이었다구 임팩트있게 들어가는..
하늘이 누군지 다 알고 말하는거 같다 ㅎㅎㅎㅎ
백퍼 ㅋㅋㅋㅋㅋㅋㅋㅋ웃음이
나오네"
1,하늘 일상 브이로그 존버한 나...칭찬해... 이사가시는것도 인테리어도 꼭 꼭 브이로그 남겨주세오...난 언니 브이로그가 제일 좋아 ㅠㅠㅠㅠㅠㅠ
1,동영상을 올렸다는 알림을 보고 마음이 행복해졌습니다.?당신의 라이프 스타일은 모두가 원하는 차분하고 미적입니다 ?
1,오늘도 하늘님 일상 브이로그 영상 재밌게 잘봤습니다.ㅎㅎ즐거운 주말 보내시고 하늘님 오랜만에 만나서 정말 반갑습니다.ㅎㅎ
1,Ha Neul 오늘의 하늘님 먹는모습이 아주예쁘군요.
1,언니 인스타에서 매일 보지만 그래두 보고싶었어ㅠㅠ
1,너무너무이쁘다구용
1,"사주집에서 촬영되다니 신기해여
영상 자주 올려주세욥!!"
1,리틀하늘 빨리 보고싶다!!!!!!!!!!!!
1,헐ㅠㅠ 얼마만의 브이로그!!! 존버성공성공!!! 늘언니 브이로그가 젤 재밌다구요ㅠㅠ
1,하늘 안지 거의 10년인듯. 결혼도 하고 잘사는거 같아서 보기 좋네. 남편한테 잘하고 잘살기☆
1,굉장히 디테일 한 쌍수 리뷰 감사드려요~ 직후에 어떤지도 귱금했었는데 할만하군요 ㅎㅎㅎ
1,대박 하늘님 수술 너무너무 자연스럽게 잘 되셨어요 ㅠㅠㅠㅠㅠ 원래도 넘 이쁘신데 멍도 없구..
1,와 너무 잘됐네요 ㅠㅠ 어디서 했는지 너무 궁금하지만 후욱후욱 너무 이뻐여!!!!>_<
1,영상 알고리즘에 떠서 댓 남겨요~!! 쌍수 넘나 잘 되셨어요~ㅎㅎ 자연스레 이뿌네요 !!
1,쌍수 하고나서 영상보고 와….어떻게 저렇게 안붓고 자연스러울수있는거죠ㅠㅠㅠㅠ
1,쌍수 진짜 넘 미쳤다 이뻐ㅠㅠㅠㅠㅠ 넘 뽐뿌온당 ㅠㅠㅠㅠㅜㅜㅠㅋㅋㅋㅋㅋㅋㅋ
1,"웅니 일상 브이로그 많이 찍어주세요 언니 만큼 다양하고 재밌는 브이로그 업서,,,,"
1,하니까 더더더이쁘다 누나
1,일상 브이로그 이게 얼마만이양?? 뭐라도 공유해주고싶은 하늘님 마음 쨘아 매실청 맛 너무 궁금해ㅜㅜㅜㅠㅠㅠㅠㅠㅠㅠㅠㅠ
1,언니 브이로그 넘 기다렸다구요ㅠㅠㅠㅠ이제 봄이니까 많이 올려주세용
1,완성될 주방 인테리어 벌써 기대돼요 ??
1,않이 지금도 넘이뿌신데 붓기빠지면 더이뿌실늑김 다른분들이 병원 궁금해하시는 이유를 알것같아요!!
1,"하늘님 넘 반가워요^^  오래 기다렸어요 흑흑.   쌍수하고 어떻게 바로 이렇게 이뻐요?ㅎㅎ
앞으로도 브이로그 많이 찍어주세요!!"
1,"아 쌍수 미쳣다ㅜ진짜 하고싶은 욕구 뿜뿜 ㅠㅠㅠㅠ너무 잘된거같애요 어케 저렇게 멍도 안들고 자연스럽게 잘 대찌ㅜㅜㅜㅜ
힝 붓기
안빠졌으면 좋겟어요 !!! "
1,"지금 2번째 돌려보는중입니다 너무너무 잘됐어요^^
너무너무 예쁘고 아주 눈이 시원합니다^^
저도 그 병원 상담해보고 싶어요~~"
1,"아직 성형을 못해봤지만, 나중에 하게되면 정보 공유 마구 조를꼬에용~ㅋㅋㅋ 자연스럽게 이뿌당~"
1,보고싶었자나여!!!
1,우왕 언니 넘 예쁘쟈냐요ㅠㅠ
1,오늘도 하늘님 일상 브이로그 영상 재밌게 잘봤습니다.오랜만에 영상 나오니까 재밌고 너무 좋아요.ㅎㅎ
1,15:52 파리가면 꼭 가봐야지 ????
1,빨리 자녀계획 생겼으면 좋겠다 얼마나 이쁠까멋져요 하늘언니?
1,"리안님 영상은 늘 차분하면서도 은은하게 발랄하고, 멀멀한 색감도 많고, 꽉차있는데도 여백의 미가 느껴진달까요…? 하여튼 너무 좋아요"
1,리안님 요즘 브이로그도 좋지만 초반 감성을 또 보고싶어요 ㅠㅠ 초반 편집과 영상미가 리안님과 너무 찰떡쿵야라서 문득 문득 생각나네용
1,리안님은 여행 vlog에서 옷 보는 재미가 있는 것 같아요ㅎㅎ ootd 자막도 심플한데 너무 이쁘고 bgm 맛집..
1,"여행 브이로그 너무 오랜만이에요ㅠㅠㅠ 신나서 바로 보러왔답니당!
다음 편도 기대할게요!!??"
1,역시 리안 님 유럽 브이로그 짱… ?? 진짜 니스 너무 아름다워요 ㅜ 꼭 가보고 싶다ㅜㅜ 그리고 저의 최애 유튜버 두 분들!! 리안 님과 에바 님  레페리 사랑합니다
1,드디어 ???? 어쩜 사람이 아기천사공주여신님이지요 ㅜㅜ? 브이로그는 ….. 말모 진짜 최고에요 ……… 리안님 얼굴만 보여줘도 극락인데 니스 넘 예쁜 도시 아니냐며 ……~ 인스타로 보고도 넘 예뻤지만 영상으로 보니까 더더 가고싶어졌어요 (*´-`) 그리고 개인적인 생각이지만 니스랑 리안님 무드랑 진짜 찰떡인 거 같은 ㅜㅜ 넘 잘봤어요 
1,이렇게 브이로그 보면서 힐링하니깐 너무 좋아요..
1,에바님이라니 !!!! 좋아하는 유튜버들의 만남 ㅠㅠㅠ 황홀해요 
1,리안님 8월달도 건강하세요
1,분위기 진짜 .. 
1,분위기가 너무 이뻐요??
1,으와아앙 너무좋다언니영상고마어요...
1,리안님 니스 브이로그를 잘 볼게요
1,언니 기다렸어요~~~ 즐감해야짓
1,브이로그 잘봐요 ㅎㅎ
1,다시 떠오른 돌기의 추억..
1,많이 보고 싶었어 .. ????
1,영화 한 편 뚝딱 
1,꺄 잘보고갑니다
1,꺅 재미게따
1,Ieeanflm 리안님 먹는모습이 아주예쁘군요.
1,"BGM부터 완벽,,,,하네요,,,"
1,마지막에나오는 음원 알고싶어요 
1,개강이걸로버틴다
1,개강이걸로버틴다
1,넘 조아요  여행 브이로그두 기대할게용! ㅜㅜ 언니 영상 너무 좋아하는데 ㅜ 앞으로도 많이 볼 수 있었으면 좋겠어요 인스타로도 소식 알고 지내지만 영상으로도 자주 보기를 ㅜ 일상 영상 그리워요.. 예전 영상들두 진짜 많이 다시 보는 데 영상 주기가 길어져서.. 좀 아쉬워여 그래두 매번 오실 때마다 좋은 영상으로 와주셔서 감사해요 ???? 무더운 여름 시원하게 보내시구 곧 장마니깐 ㅜ 비 조심하세요 
1,"리안님 언젠가 남친 출연 영상도 기대할게요,,,, "
1,리안님 너무 예쁘십니다
1,"뭔가 영상에서 팅글(?)..이 느껴져요
목소리도 너무 듣기좋고 편안해져요.."
1,아니 한달만 !! 언니 자주와주세용 ㅜㅜ 곧 스무더 신상도 나오겠죠?
1,아이메이크업 이뿌요
1,리안님 ㅋㅋㅋㅋㅋㅋㅋㅋ너무 귀여워요
1,"리바이스 데님 품번이나 이름이
너무 궁금해욥..!.!!!!??"
1,"안녕하세요, 리안 언니! 저는 리안 언니의 영상을 정말 좋아해서 자주 보고 있습니다.
저는 일본인으로 일본어밖에 못 알아듣기 때문에 최근 영상에도 자막을 넣어 주시면 정말 감사하겠습니다. 자막이 붙으면 모든 영상을 1억 번은 볼 수 있을 것 같아요... 3년 전까지의 영상에는 일본어 자막이 붙어 있지만, 2년 전 코로나가 진정될 무렵의 부이로그로부터 붙지 않았기 때문에, 그 무렵부터 붙으면 매우 도움이 된다.부탁드려요 ！！！！！"
1,썸네일부터 핫하다??
1,공주 왤케 오랜만이야 나 항상 기다리고잇서...
1,립 궁금해요!
1,언니 혹시 애교살 너무 예뻐서 그러는데 어떤제품 썼는제 알려주실수있나용? 
1,왕 
1,도쿄 브이로그 내리셨나요..! ㅜㅜㅜㅜ최애 영상이었는데ㅜㅜ
1,Ieeanflm 리안님 아주예쁘군만요.
1,ㅋㅋㅋㅋㅋㅋ아 팬티 ㅋㅋㅋㅋㅋㅋㅋ
1,아찔해미모
1,진짜 너무 신기해요  오휘하면 엄마 화장대에 있을 법한 화장품이라는 인식 때문에 한 번도 관심을 가져본적이 없는데 세상에 청바지 느낌을 담아낸 쿠션이라뇨  개인적으로 힙하고 어디서도 본 적 없는 디자인이라 너무 놀랐어요  다양한 콜라보 제품이 나오는 요즘 가끔은 무분별한 콜라보에 지치기도 했는데 오히려 하나의 확실한 컨셉 아래 리안님의 영상을 보니 제품력도 전달하고자 하는 메시지도 비주얼도 완벽한 삼위일체예욤 
1,"진짜 퍼스널이라는게 존재하지 않는 사람 같아요,, 어떻게 모든 메이크업이 다 찰떡 같이 어울리는지…. 미쳐따 진짜ㅠ.ㅠ 완전 인간 오휘잖아요,, 특히 꾸안꾸 룩은 넘사벽?? 여기에 오휘 연청쿠션도 한몫 한것 같아요!! 발림성부터 쿠션 디자인까지.. 완벽한것 같아요 저도 오휘 쿠션으로 언니처럼 예뻐지고 싶네용"
1,"우와,, 오휘 이번 쿠션 디자인이 유니크 하고 감각적이면서 예쁜 거 같아요 연청 쿠션 데일리로 사용하기 너무 좋을 거 같아요 평소에 피부 표현을 자연스럽게 해주는 편인데요 딱히 트러블도 없고 잡티도 딱히 없는 편이어서 자연스럽게 톤업이 되는 연청 쿠션 사용해 보고 싶어요. . . "
1,오휘 쿠션 디자인 보면 고급스러운 느낌이 항상 들었는데 이번 쿠션 디자인은 유니크하면서 감각적인 느낌이라 이번 여름에 가지고 다니면서 패션 아이템으로 들고 다니기도 좋고 매일매일 간편하게 사용할수있어서 경험해보고 싶어요! 과하지 않게 톤업되는 점도 너무 마음에 들어요
1," 오휘 진 쿠션 1호 

분명 커버력이 있는 파운데이션 제형의 쿠션이라구 리안 님께서 설명해 주셨는데 막상 리안 님이 바르신 걸 보니 톤업 쿠션 만큼 뜨거나 두꺼워 보임 없이 커버는 해주되 밀착력가 가벼움까지 갖추고 있어서 진짜 혁명 쿠션이라구 생각했어요! 중학생 때부터 수부지에 트러블 때문에 항상 얼굴을 두껍게 가리지 않으면 마스크를 낄 정도로 피부가 콤플렉스인데 리안 님과 오휘의 진 쿠션 덕분에 트러블은 가리면서도 가볍게 바를 수 있어 두껍게 커버함으로써 다시 여드름이 생기고 더 두껍게 커버하게 되는 악순환을 끊을 수 있을 것 같아요 ?? 게다가 톤업 쿠션은 손민수하러 인터넷에 당장 써치했는데 이번 여름에 딱 맞게 바르고 나서 36시간까지 지속력이 유지되구 또 저같은 수부지 인간들에게 촉촉한 수분의 텍스쳐 마무리와 속광까지 제공해 주다니 이건 아마 저를 위해 오휘 브랜드에서 이를 갈고 만들어 주신 게 아닌가... 정말 감동의 도가니였어요 ㅜㅜ
게다가 패키징은 또 무슨 일인지... 요즘 y2k 트렌드에 걸맞게 진짜 청바지의 데님 소재를 사용해서 쿠션 커버에 담아낸다니 진짜 디자인 천재들이 만든 것 같아요 ?? 보통 쿠션과 달리 완전 흔치 않은 디자인에 쿠션에 지문이 묻거나 먼지 묻어서 더러워질 걱정 없이 힙함과 영함 다 느껴서 진짜 반해버렸어요 ??

사실 제 픽은 바로... ??리안  님, 오휘??랍니다 꾸안꾸든 꾸꾸꾸든 어떤 메이크업과 코디를 소화해 내시는 우리 리안 님의 안목 그리고 용안, 패션 감각까지 안 반할 수가 없고 오휘의 갓벽한 제품의 콜라보에 환호성을 내질렀답니다 
이렇게 구독자들께 좋은 기회 주신 리안 님과 오휘 브랜드께 무한 감사 드리며 ? 저는 물러나려구 합니다!
이번 이벤트에 꼭 제게 꼭 행운이 따라줘서 여름 오휘와 함께 날 수 있기를 그리고 꼭 리안 웅니와 커플템... 손민수 할 수 있기를 빌어봅니다 "
1,오휘라는 브랜드는 평소 기초제품 쓰고 너무 만족해서 좋아하는 브랜드인데 얼티밋핏진쿠션이 출시되었다니 보자마자 데님소재 패키지부터 진짜 취향저격이에요! 연청쿠션은 톤업쿠션이라 평소 진한 메이크업 보다도 자외선 차단이랑 자연스러운 톤업 기능을 더 좋아하는 저에게 잘 맞을것 같아 꼭 써보고 싶어요 리안님 바르시는거 보니까 정말 촉촉하게 발리고 보송보송한 마무리감이 너무 기대되는 제품이네요 
1,"이번에 오휘 진쿠션 인스타에서 광고로 보고 디자인도 너무 예뻐서 헉 했는데,,,, 진짜 리안님 영상에서 보게 되니까 더 대박 좋아요,,, 저는 연청쿠션이요!!! 
요즘 파데프리 메이크업을 자주하기도 하고 다크닝도 많이 신경쓰는 편이라 커버력보다는 톤업과 편안함을 찾는 중이었는데 오휘 연청쿠션이 딱인 거 같아서 넘넘 마음에 드네요!!! 광고로 봤을 때 부터 이건 진짜 안 쓰더라도 관상용으로 내껄로 만들고 싶었는데 좋은 이벤트 열어주셔서 정말 감사합니다ㅜㅜㅜ
그리고 저는 개인적으로 예전에는 꾸꾸꾸 로 다녔는데 요즘은 간편하게 꾸안꾸 패션이 좋은거 같아요!!!! 그리고 연청 가방도 너무 귀ㅕ워요,,,,, 
오늘도 멋진 룩들과 좋은 제품 소개해주셔서 감사해ㅐ요!!!
항상 좋은 영상 감사하고 좋은 하루들만 보내세요"
1,"오휘브랜드가 이렇게 감각적인 브랜드였다니  리안님 덕분에 좋은 아이템 알아갑니다! 먼저 디자인부터 너무 유니크하고 써보고 싶게 만드는 .. ???? 연청 진청 두 가지 버전이라니 이건 정말 말잇못이에요 ,,,  데님 소재부터 트렌디하면서도 여러 기능까지 좋아버리니 더더욱 기대가 됩니다! 저는 쿠션기능 중 커버력을 가장 중요하게 생각하는 사람으로서 진청쿠션1호 원해요 ..  영상으로 봐도 밀착력이나 커버력이 좋은 것 같아 너무 감동 ㅜㅜ.. 이번 여름 오휘 브랜드만의 감각적인 쿠션 꼭 사용해보고 싶어요! 두 가지 쿠션 모두 사용해서 비교해주시니 넘 좋았어요 오늘도 영상 잘 봤습니다 ! ??"
1,언니가 메이크업하는 것도 보고 예쁜 스타일링까지 보는 영상 너무 좋은데요
1,"와 수많은 한정판 쿠션 패키지를 봐왔지만 데님을 입은 쿠션은 처음보는거 같아요! 넘 예쁘네요 오휘는 브랜드 이미지가 영하지는 않아서 한번도 써본적이 없는데 이번 예쁜 쿠션은 꼭 써보고 싶네요! 리안님 피부가 원래 좋은것도 한몫 하겠지만 발림성도 좋아보여서 진청쿠션 2호 내추럴 베이지로 써보도 싶네용
리안언니 하울도 기다리고 있을게요??"
1,오휘 브랜드 하면 고급지고 우아한 느낌이 들어서 엄마 화장품이라는 이미지가 쎘는데 리안님 덕분에 y2k느낌 낭낭하게 바뀐 오휘를 알게되어서 좋아요!?? 여름에 맞게 청량한 느낌으로 연청 톤업 쿠션 바르고 리안님 룩같이 꾸안꾸 연청데님 옷 입으면 이번 여름 완전 청량~^ㅁ^ 톤업쿠션으로 얼굴 톤은 화사하게 해주면서 가볍게 화장할 수 있고 좋은거같아요!
1,"리안밈 이번 메이크업 진짜 너무 예쁜데용?! 꾸꾸꾸룩에도 그렇고,꾸안꾸룩 코디에도 너무 잘어울리는 메이크업이라서 전 하나의 메이크업으로 어떤 코디를 입었어도 너무 잘 어울릴 것같았어용ㅎㅎ
저는 피부를 쿠션으로 해주는편인게 뭔가 여름이라서 컬러감을 어떻게 해야할지 모르겠더라구요ㅠㅠ 피부톤에 맞추면 건조함이 있는것같소고, 피부상태에 맞추면 색상이 안예쁘게 발린다고 해야할까요?ㅠㅠ??
딱 보기에도 그냥 패드로 쓱 지우고 바르셨는데 불구하고 건조해서 뜨는게 없는게 너무 신기한 것 같아요!
너무 건조하지도 않고, 수정화장도 잘안해도 될정도로 피부에 찹첩 발린느낌이라 이거 하나만 있으면 피부는 끝이났네용
전 진청쿠션 내추럴 색상이 저에게 찰떡같은 피부로 보일것같아서 깔끔한 피부표현의 베이스해보고싶어요~"
1,커버력과 지속력을 놓칠 수 없는 진청 쿠션이욧!!! 예쁜 피부과 트렌디함을 볼 수 있어서 흥미로웠던
1,"리안님의 매력있는 마스크에 매료되는 영상이에요 :) 매력있고 청초하신데 힙하며 분위기 있으셔서 모델같은 분위기 낭낭하세요><
꾸꾸 꾸안꾸 모두 소화하시는 소화력에
말잇못....

리안님 패셔너블함을 시너지효과로 내주는 오늘 메컵에 오휘의 연청 진청 팩트라니!!! 
귀엽고 신선하고 예쁘네요!! 
저는 연청 1호 핑크베이지 써보고싶어요
사실 친척언니가 더*이스샵에서 부매니저로 오래일을 했어요! 
제가 피부가 워낙 예민하고 민감하고 홍조에 염증성 피부였어서 화장도 못했었거든요.. 
언니가 엘지생건이 본인매장에 들어오게 됐다면서 성분 좋으니 써보라고 추천해주더라구요!
그때는 화해 어플같이 성분 비교해주 어플도 없어서 혼자 구글링하면서 알음알음 분석하고 그랬어요ㅎㅎ 엘지생건라인이 성분도, 사용감도 순해서 그때부터 기초라인을 싹 엘지생건라인으로 바꿨어요 ㅎㅎㅎ
지금까지 건강한 피부장벽과 탄탄한 피부로
도와줘서 브랜드에대한 신뢰가 있어요
이제 화장도 할 수 있는 피부가 되었답니다ㅎㅎ 

오휘 팩트도 엘지생건 라인이라 써보고 싶어요 얼마나 좋을까 기대가 마구돼요ㅎㅎ!!
그리고 오휘의 이미지가 영해지는 쿠션라인이라 신선하고 새롭네요:)
아직 볼쪽에 여드름 색소침착이 있어서 적당히 커버가 됬으면 하는데 리안님 영상보니 얼티밋 핏 톤업팩트는 커버력과 마무리감이 완벽하네요

친척언니가ㅋㅋㅋ 엘지생건이 진짜 보기드물게 굉장히 정직하고  좋은 성분 쓰는 회사인데
왜 광고를 안하는지 이해가 안간다고,
언니가 자체광고하고 다니고 거의 뭐 엘지생건 전도사였는데..제가 전도당해보니 이해가 가더라구요ㅋㅋㅋ!!!
그래서 그런지 이렇게 리안님 통해 얼티밋 팩트를 알게된게 격하게 기뻐요ㅎㅎㅎ!!

리안님 리바이스 핏 폼 진짜..코피팡입니다 :)
꾸꾸꾸 꾸안꾸 모두 다 이쁜데...
사실 저는 꾸안꾸 선호하는데 이번 영상에서
리안님 꾸꾸 패션 너모 이뻐서!!!!
꾸꾸꾸 Win!!!ㅋㅋㅋㅋㅋㅋㅋ
꾸꾸든 꾸안꾸든 모두 소화가능한 매력적인 리안님의 너낌 계속해서 영상으로 기다릴께요...☆"
1,쿠션을 청바지에 비유한게 넘 창의적이구 와닿았어요!!  평소에 두꺼운 피부 표현이 싫어서 톤업선쿠션으로만 피부 화장을 마치는데 <연청>은 어떤지 넘 궁금해요~ 연청 패키지도 이쁘고 밝은 피부라 쿠션 색도 딱 내꺼 아침에 뭐 바를지 고민 없이 데일리템으로 잘 사용할 거 같아요~!
1,감각적인 디자인으로 한 눈에 사로잡는 매력이 있네요 ..  쿨톤에게 핑크 베이스 연청쿠션은 신의 한 수! 내용물도 케이스도 쿨톤 찰떡템 아닌가요 .. 마침 쿠션 새로 장만할 때가 되었는데 보송한 마무리 질감이라면 더워질 날씨에 너무나 좋겠어요! 더불어 이런 귀한 이벤트 열어주셔서 감사합니다 
1,뉴진스 재질 미춋다... 쿠션이랑 맞춰서 스타일링 다르게 하는거 넘 재밌어요 쿠션 패키지도 데님인게 봄~여름 무드에 딱이구 넘 예뻐요!!
1,"저도 뭔가 오휘브랜드는 약간 젊다는 느낌을 못 받았었는데 이번에 쿠션 디자인 보니깐 대박대박
요즘 쿠션도 패션의 일부분이라고 생각하는데 데님소재를 이용한게 트렌디하고 신의 한수인것 같아요
진청룩이 진짜 힙함의 그 자체여서 꾸꾸꾸가 딱 맞아요!!!!!! 그리구 진청쿠션이 너무너무 예뻐요!!!! 
진청쿠션 피부표현 미쳤네요!!! 그리고 커버력이 있으면서 지속력도 긴것 같아서 여름에 쓰면 너무너무 잘 사용할것 같아요!!"
1,연청쿠션이요??무더운 여름에는 가볍고 내추럴하게 피부화장을 하는게 좋은것같아요! 쿠션디자인도 감각적이라 파우치에 넣어다니면 완전 포인트
1,오휘 진청쿠션 ???? 너무 예쁘네요 !! 특히 2호는 제 피부에 자연스럽게 밀착될거 같아 기대됩니당  리안님 말처럼 오휘라는 브랜드는 조금 성숙한 이미지가 있었는데 이번 쿠션들은 Y2K 느낌 가득한 영한 느낌으로 너무 새로워요???? 오휘의 새로운 변신을 응원하며?? (리안님 메이크업과 룩은 언제나 멋있고 예뻐요????)
1,"오오 오휘에서 트렌디한 컨셉의 신제품이 출시되었군요, 평소 올리브영 같은 곳에서 제가 쉽게 만날 수 있는 브랜드가 아니라서 잘 몰랐는데 리안님 덕분에 알게 되었어요 ㅎㅎ 쿠션 디자인도 너무 예쁘고, 여름과 잘 어울리는 청바지 Jean 을 컨셉으로 했네요 !! 저는 리안님의 두번째 컨셉이 너무 멋지고 힙해보였어요, 요즘 무대 뿐만 아니라 스모키 메이크업이 유행이여서 관심이 갔는데 오휘 쿠션으로 피부도 너무 예쁘고 깔끔하게 표현되고, 언더 메이크업까지 잘 어울렸어요 ~~? 이번 달에 어버이 날도 있었고, 저희 엄마 생신도 있었어서 소개해주신 얼티밋 롱웨어 진청 쿠션을 엄마에게 선물로 들고 싶어요 ㅎㅎ  제가 혼자 미국에서 인턴 생활 중이라 바로 챙겨드리지 못해서 아쉬움이 있었어요 ㅠㅠ !! 엄마에게는 색상도 2호의 자연스러운 컬러가 잘 맞을 것 같아요, 또 커버력과 지속력도 늘 원하셨는데, 잘 맞을 것 같아서 기대가 되네요 !! 소개해주신 디젤 Jean 과 롱웨어 쿠션의 조화도 너무 예쁘구,, 리안님이 예뻐서 그런 것 같지만 ㅠㅜ 여름에 잘 어울리게 넘 시원해 보이고 간Zㅣ납니다 ㅎㅎㅎㅎ 이벤트 열어주신 리안님 최고예요 !!!! Have a good one !! "
1,오휘 쿠션 제품을 패션 룩북으로 해석하다니 이건 리안님이 제일 잘 하는 거닷ㅠㅠㅠ 진짜 대박이에요... 역시 탑 크리에이터는 다르다 리안온니 너무 멋있어요 ????
1,"몇 년 전부터 리안님 구독해서 올라올 때마다 엄청 빨리 영상을 늘 봤었는데, 이번 영상 만큼은 뭔가 언니의 개성과 특색이 너무 잘 살고 잘 어울리는 영상이라고 생각했고, 또 제가 진짜 흰티에 청바지를 너무 너무 자주 입기 때문에 더 디자인이 너무 맘에 들어욤????
그리고 정말 바른 듯 안 바른 듯한 살짝 연핑크 이런 쿠션 지이~~인짜 좋아하는데 요즘에는 잘 안 나와서 쿠션에 대한 고민이 진짜 많았는데, 딱 이 영상 보면서 이거다 싶었어요!! “아 오휘 연청 쿠션 진짜 갖고 싶다” 이런 생각 들고 또 저랑 너무 너무 잘 어울릴 것 같아가지고ㅠㅜ 진짜 이런 거 당첨 잘 안 되는데 이번에 처음으로 됐으면 좋겠습니다?? 이거 쓰고 저답게 예뻐져서 꼭 연애하고 싶어요??"
1,"오휘가 약간쓰 옛날 브랜드라고 생각하고 있었는데 리안님이 소개해주신 청바지 느낌의 쿠션보니까 당장 달려가서 사야겠어요!!!!!!!
요즘에 화장품 브랜드가 넘 많아서 뭘 사야되는지 고민했었는데, 오휘라는 브랜드의 신뢰성과 리안님의 후기 및 소개 영상까지 보니 저 완죠니 영업당했습니다..ㅎㅎㅎ"
1,이번 영상으로 처음 오휘라는 브랜드를 접해봤는데 쿠션 디자인 부터 피부표현까지 꼭 써보고 싶은 마음이 들게하네요! 매번 커버력 좋고 촉촉한 쿠션 찾아 떠도는 쿠션 유목민인데 이번 기회에 오휘에 정착해보고 싶습니당. 진청 쿠션 꼭 사용해보고 어나더 레벨의 쿠션 느껴보고 싶어요~~
1,오휘는 처음 보는 브랜드였는데 쿠션 디자인이 너무 이뻐서 놀랐어요!! 너무 감각적이고 예뻐서 가지고 싶다는 생각이 들더라구여 ㅎㅎ 리안님을 통해서 새로운 브랜드도 알게되어서 너무 좋네요!! 진청 쿠션이 제 맘에 쏙 드네요!! 
1,y2k 느낌 낭낭한 연청&진청 쿠션이라니 너무너무 마음에 들어요...ㅠ.ㅠ!! 커버력도 어느 정도 필요한 사람인지라 계절 안 타면서 데일리로 챱챱 바를 쿠션이 필요했는데 리안님이 추천하시는 제품이니까 더 신뢰가 가용>< 연청/진청 나눠서 스타일링 하신 것두 넘 취저에욧ㅜㅜ 
1,오휘브랜드를 이번 리안님 영상 덕에 처음 알았는데 쿠션 디자인도 색감도 그렇고 너무 예쁘네요… 왜 몰랐나싶을 정도예요 피부에 올렸을 때 색도 너무 예뻐서 이번 여름에 꼭 한 번 사용해보고싶어요 ??
1,"연청 톤업 쿠션 
아니..둘 중에 솔직히 하나만 고르기 너무 힘들어요 리안님 2가지 메이크업이랑 코디가 넘 찰떡이라서 한참을 고민하다 씁니다?? 꾸안꾸가 좀 더 여름에 산뜻해보이는 느낌이라 이걸루 선택 ><(제가 뭐라고) 케이스도 너무 예쁘고 뭔가 화장 수정 하려고 꺼냈을 때 되게 멋스럽고 악세서리? 같은 느낌 줄 수 있을 거 같아요 구매욕구 뿜뿜~"
1,흰티에 청바지룩 매니아로써 들고다니기만 해도 힙한 아이템이 될것같은 디자인에 커버력까지 좋은 오휘쿠션 너무 탐나요!!
1,"오휘 브랜드에서 이렇게 트렌디한 느낌의 쿠션이 나오다니?? 요즘 데님소재가 핫한데 데님소재의 쿠션이라니 넘 예뻐요! 
다가오는 여름, 진청쿠션 1호로 착붙 피부 메이크업 해보고 싶어요!"
1,"리안님이 추천해준건 못참지,, 정말 믿고 보는 리안님.. 전에도 리안님께서 소개해주신 옷들 구매했는데 다 너무 좋은거 있죠,,? 아직까지도 너무 잘 쓰고 있어요~ 친구들에게도 추천해줬는데 다들 너무 좋다고 해요..♡ 리안님 덕분에 텅장이 남아나질 않아요.. 왠지 리안님이 써서 더 탐나고 예뻐보이는것 같아요??
특히 이번 오휘진청 쿠션은 미쳤어요ㅠㅠ 이 제품을 보자마자 너무 써보고 싶다는 생각이 들었어요! 발림성도 좋고 성분도 너무 좋아 보여 이건 무조건 소장해야겠다고 생각했어요 가격도 부담스럽지 않고 선물하기도 너무 좋을것 같아요♡ 완전 꾸꾸꾸 룩에 안성맞춤!!! 
저도 리안님처럼 빛나는 피부를 가져보고 싶네요ㅎㅎ"
1,"헐 전 꾸꾸꾸 패션에 한표할게요…??
메이크업 + 패션 너무 잘어울려요!!!!!

오휘 진짜 뭔가 어른들만 바를 것 같은 느낌이라 관심을 안가졌었는데 리안님이 소개해주시니 세상 트렌디한 느낌이에요

청바지를 모티브로해서 그런가 넘 귀여운데 식당이나 카페에서도 당당하게 꺼내놓기 좋을 것 같아요ㅋㅋㅋㅋㅋ

연청 진청 둘다 이쁘고 탐나는데 저는 커버력이 무조건 필요한 사람이라 진청이 더 탐나네요 흐흐
라이브도 구경하러 갈게요????"
1,"악 쿠션 넘 예뻐요..?? 그 중에서도 연청룩과 어울리는 얼티핏 핏 톤업 진 쿠션이 맘에 듭니다! 이유는요ㅎㅎ 평소 피부메이크업을 톤업크림+ 컨실러로만 가볍게 하기도 하고, 또 제가 드디어 5키로를 빼 보통에서 마름으로 도달했습니다  22살 대학생으로써 살빼면 흰티와 연청 바지를 핏되게 꾸안꾸 스탈루꼭 입어보고 싶었는데 리안님이 타이밍 맞게 소개주셔서 감사합니당 첫번째 영상인 봄 메이크업 분위기에 이끌려 구독했었는데 이렇게 이벤트도 참여하게되서 영광입니당"
1,진청으로 코디한 룩이 너무 엘레강스하면서 동시에 힙하고 세련됐어요....... 여름에 잘맞는 보송한 텍스쳐에 지속력도 좋은 쿠션까쥐.......!!!저도 오휘 쿠션으로 화장하면 리안웅니처럼 힙한느낌을 낼 수 있지 않을까... 싶어서 저는 진청쿠션 1호가 정말 제스타일입니다!!
1,오휘를 첨 알게된게 프라임어드밴서기초라인을 첨 접하고 알게됬는데 굉장히 좋아서 놀랐던기억이 있어여 과연 베이스도 맛집일찐.. 의문이들던참에 리안님의 요 영상을 보니 믿음이 확가서 신청을 하게됬다요ㅋㅋ 케이스 데님룩을 연상케해 예쁘고ㅋ 그렇다고 알맹인 또 안좋으면 안되는데 요건보니까 연청은 여름에 수분감있게 초끄초크하게 발리면서도 마무리감은 보송보송하다니까 다가올 여름에 최고일듯하고여 진청역시도 밀착감 빵빵하고 무엇보다 커버가 잘된다하니 커버에 진심인 나에겐 이것도 좋을거같은데 무엇보다도 물광그를 싫어하는 이 쿠우의 신청은 롱웨어 진청쿠션1호로 신청합니다용ㅎ 만약 나 당첨 안되더라도 카카오라이브로 원쁠원혜택카지주니 사고말꺼에욧 이거ㅋ
1, 사계절 내내 사용하는 쿠션이라뇨! 진청 쿠션으로 이번 여름 엄청 더울 것 같은데 오래오래 화사하고 싶어요! 피부가 가볍고 투명하게 커버력 있는 게 인상 깊어요!
1,이제 날이 더워져서 그런지 마스크를 벗고 다니는 데도 베이스 메이크업이 빨리 무너지더라고요 저는 t존에는 유분이 많이 돌고 턱 쪽은 각질이 파티를 하는 복합성 피부라 어떤 제품을 써야 할 지 고민이 많았는데요…! 지속력 짱짱한데 한 번도 뜬 적이 없다는 리안님의 후기를 들으니 롱웨어 진 쿠션 뽐뿌가 마구 듭니다… 또 제가 여름에 데님을 자주 입는 편인데 진청 쿠션이랑 깔맞춤 하면 너무 힙할 거 같아요 더운 날에도 제 피부처럼 밀착되어 오래 가는 진청쿠션 2호 사용해보고 싶습니닷
1,진청쿠션 1호로 깔끔한 피부표현을 해보고싶어요! 저는 평소 꾸안꾸로 다녀서그런지 리안님의 꾸꾸꾸룩이 더 매력적으로 보이네요
1,"흐에엑 이런 영상 너무 좋아요 리안웅니.......... 메이크업이랑 룩 한 번에 같이 보여주는 영상도 자주 만들어주세요  사실 꾸안꾸든 꾸꾸꾸든 웅니 얼굴 보러 들어옴 ^^... 데님 코디도 찰떡인데 오휘 쿠션은 더 찰떡이에요!!! 
패션 + 메이크업 소화할 수 있는 사람 참 잘 찾았다 오휘.... 그런 의미에서 이벤투도 신청해두고 갑니다...  
흐흐 요즘 얼굴에 잡티가 많이 올라와서 ㅠ.ㅠ 마스크 벗는 거 너무 좋은데 . .. . 미뤄왔던 피부 관리 해야하지 않겠습니까? 숨길 건 숨기구요 . . . .
그런 의미에서 저는 진청쿠션 받구 싶습니당!!!!  여름에 피부도 커버하구  리안웅니처럼 데님에 코디해볼라니까 ^.^!~~~"
1,"여름에 진청쿠션 넘 좋을거같아요! 화장도 핑쿠하게 넘 이뻐요,,디젤옷도 넘 잘어울리네영 평소에 청을 엄청조아해서 청바지덕후인데 쿠션너무 취저케이스에요ㅠㅠㅋㅋㅋㅋ힙행 립도 촉촉하게 넘 잘어울랴용"
1,진청쿠션이 가벼운 텍스쳐로도 커버가 가능할 것 같아서 사용해보면 좋을 것 같아요? 그리고 힙한 무드 리안님이랑 넘나 찰떡...
1,청바지가 대부분 잘 어울리는 룩이지만 코디를 잘하셔서 그런지 너무 예쁘시네요 ㅎㅎ 특히 슈가로즈 색상 너무 이쁘네요 ㅎㅎㅎ
1,"세상에 패키지도 너무 예쁘고 여름 느낌 물씬나네요,,?'?'?
저는 진청 쿠션 2호 사용해보고 싶어요! 잡티가 조금 있는 편이라서 커버력이 좀 있는 제품을 좋아하기도 하고 저도 피부 컨디션이나 제품에 따라서 잘 뜨는 타입이라 베이스 제품은 정말 신중하게 고르게 되는데 밀착력이 좋다고 하시니까 이번 여름에 한번 사용해보고 싶습니다??(???????)??"
1,"연청쿠션?? 썸네일과 영상제목보고 청바지 관련광고인가 했는데 오휘광고여서 궁금증과 함께 더 집중해서 봤네요ㅎㅎ여름엔 가볍게 톤업되는 제형을 좋아하는데 연청쿠션이 톤업되면서 보송하다니 써보고싶습니다!
리안님의 연청 진청 쿠션과 함께한 코디와 메이크업 넘 찰떡이고 예쁘네욥??"
1,깎 리안님 영상 업로드 넘 기다렸어요진짜 둘 다 좋지만 하나만 고르자면 개인적으로 1번 룩!! 전 이런 내추럴한 느낌의 리안님도 넘 좋더라구요 희희 여름이 다가와서 그런지 너무 무겁지 않고 자연스러운 느낌이 요즘엔 더 끌리는 것 같아요 전 연청 쿠션 써보고싶네요 룩북도 기다릴게요>.<
1,오휘 진 쿠션 1호 색감이 아주 이쁜 것 같아요! 궁금해요  케이스 디자인도 넘 유니크 해요
1,"와!!오휘에서 이런 신상쿠션이 출시라니~
오휘 믿고 쓰는 브랜드죠! 리안님께서 설명해 주시는거 들으니까 더 기대감이 높은데요~ 롱웨어진쿠션은 베이스 커버력이 정말 중요한 저에게 잘맞을것 같아요~ 베이스 뜨는거는 저도 메이크업 하면서 정말 속상한데 촉촉한 밀착력이 최고라니~ 어떨지 써보고 기초베이스 쿠션 정착하구 싶어요"
1,진청쿠션 피부표현 엄청 예쁘게 잘 되는거 같아요 지속력도 좋다고 하니 새벽 6시에 일어나 화장하고 퇴근 후 집에 올때까지 화장 계속 하고 있어야 하는 직장인으로서ㅠㅋㅋㅋ 한번 써보고 싶네요 컬러도 1호 화사하니 예쁜것 같아요! 오휘 썬쿠션 해외 갔다가 면세로 엄마 선물 사드린 적이 있는데 그만큼 성분은 정말 믿고 쓸 수 있는 브랜드라 트렌디하게 바뀐 오휘도 기대됩니다ㅎㅎ
1,"?? 진청이오 ?? 이번 컬렉션 너무 예뻐여 ㅠㅠ 오휘의 고급진과 데님 조합이라 더 스타일리쉬하다고 해야하나 리안님이 소개해쥬셔서 더 예뻐보이는 것 같아용 특히 자연스러운 밀착 커버라 제가 좋아하는 제형이라 더 기대됩니닷 ?? 리안님 라이브할 때도 들어가서 구경했었는데, 이런 이벤트도 열어주셔서 감사해요 ??"
1,"#오휘 #얼티핏_핏톤업진쿠션    디자인이 너무 예쁘네요~
유분기가 많이 올라오는 여름철에 꼭 사용해보고 싶어요~"
1,"와우~~완성된 스타일링 오프닝으로 보니 오늘 영상을 안 볼 수 없어서 바로 클릭~!!
넘 이뻐요~꾸꾸꾸와 꾸안꾸 세심함이란 정말 최고
오휘 얼티밋 핏 진 쿠션 너무 패키지가 너무 이뻐용~~ 갖고 다니면 완전 시선 집중 될 것 같아요~~ 무엇보다 주위에서 못보던 패캐지 스타일이라서 너무 이쁩니당~~~
발리는 제형이 화사하고 촉촉하다고 하니 저도 사용해 보고 싶네요^^밀착력력까지 대박인 것 같아요 
2:32 너무 화사해요~~
내추럴한 메이크업 정말 제 취향입니당~~ 5:59 꾸안꾸룩도 너무 이뻐용~
7:11 수정화장할 때 패드로 살찍쿵 지우고 새로 올리는 꿀팁 정말 좋은 것 같아요~저도 그렇게 해봐야겠어요~~감사합니당"
1,"오휘에서 이렇게 힙하고 예쁜 쿠션이 나오다니,,,!! 여름이어도 커버력 못놓치는 저는 진청쿠션을 써보고 싶네요!^_^ 리안웅니 미모 열일에 보탬되는 오휘 성공하쟈~!~!~!!??????"
1,저는 자연스러움을 최고 중요해서 연청쿠션이 넘 좋아보여뇨!!! 리안언니는 오늘도 미쳤구
1,사실 저는 화장을 하고 다니지 않는 사람이에요 근데 사진 찍을때도 안예쁘게 나오고 주별인들은 다 화장을 해서 저도 한번 도전해볼까 생각중이었어요! 그런데 화장을 한번도 해보지 않아서 그런지 뭐부터 해야할지 1도 모르겠더라구요.. 그래서 아는 언니가 쿠션부터 사보는게 어떻겠냐 해서 고민중이었는데 마침 리안님께서 소개해주신 오휘 연청 쿠션이 너무 예쁜것 같아서 꼭 한번 써보고 싶다는 생각이 들었어요! 리안님만큼은 아니겠지만 이 쿠션을 바르면 전보다 훨씬 얼굴에 생기도 돌고 예뻐질것 같은 느낌이 들어요ㅎㅎ
1,"우와 오휘 톤업쿠션도 나오네용?? 심지어 연청쿠션이 톤업쿠션인점이 넘 맘에 들어요! 톤업쿠션이면 패키지가 평범한 제품이 많은데 리얼 진으로 패키지까지 예뻐…가방에서 딱 꺼내면 친구 입에서 ”이게 뭐야?“ 라는 말이 나올 정도로 예뻐여 제가 톤업되는 제품 유목민이에요 아직 자연스럽게 얼굴을 환하게 만들어주는 걸 못 찼았거든요ㅠㅠㅠㅠ맨날 동동 떠ㅠㅠㅠㅠㅠㅠㅠㅠㅠ
가까운 곳에 나갈 때 간단히 톤업만 시켜주는데 오휘 연청 쿠션이 있다면 이제 아주 거뜬할 거 같아요!! 제가 리안님과 얼굴톤이랑 립톤 비슷해서 옛날부터 메이크업도 많이 참고했거든요?? 리안님 얼굴에 동동 안뜨는 걸 보아하니 저도 만족할 느낌 피부도 편안하고 얼굴에 핏되는 톤업쿠션 넘 써보고파요"
1,"오휘 안목뭐야... 리안언니랑 진쿠션 매칭력 대박이잖아요.........ㅠㅠ
오휘 화장품 직접 사용해본 적은 없고, 백화점에서 보기만 했었는데 이번 기회에 꼭 사용해보고 싶어요!
여름엔 무거운 화장 잘 안하는 편이라 선크림+톤업크림만 간단하게 바르는 편인데 톤업 쿠션?!은 안써봐서 너무 궁금해요!!!
그래서 연청쿠션꼭 써보고 싶어용ㅎㅎㅎ"
1,"'오휘' 브랜드의 트렌디한 쿠션이라니 정말 기대감이 넘치다 못해 터져버릴 것만 같아요. ?? 특히 진청 쿠션의 커버력은 진짜... 진청... 진정해... 나 지금 너무 흥분했어 연진아. (?)

여름철 최대 고민이 바로 베이스 메이크업 이잖아요. 덥고 습하고 비는 많이 오고...  완전 지워지고 밀리고 들뜨고 ㅠㅠ 피부 화장 성공하기 쉽지 않은데, 피부에 얇게 밀착이 챱! 되는 게 너무 신기해요 ?? 

피부결 표현이 이렇게 세미하고 맑고 청아하고 투명하게 되는 쿠션 진짜 처음 봤어요! 평소에 오휘 세럼을 잘 사용하고 있었는데 쿠션은 아직 사용해보지 못해서 더더욱 기대돼요 ?? 진청 쿠션 #1 체고 체고  요즘에 여름이라 파데 프리 메이크업에 도전하고 싶은 마음이 자꾸만 생기는데 오휘의 산뜻한 매력이 가미된 이 쿠션으로 도전해보고 싶어져요  오늘 룩북 속 착장이 약간 Y2K 느낌이 나는데, 이렇게 힙하고 핫한 여름 스타일링에 오휘 쿠션으로 메이크업까지 해주면 진짜 최고일 것 같아요. "
1,Y2k 감성 낭낭한 연청&진청 쿠션이라니! 너무 제 취향이예요  커버력도 좋고 가벼운피부표현이 마음에 들어요! 진청쿠션 1호 원해요
1,"저는 진청 쿠션이요

리안님이 제일 잘하는 화장+옷소개 영상 왔다ㅠㅠ 요즘 세미 스모키 메이크업이 아이돌한테 인기라 그런지 후반부 메이크업이 너무 예뻐보여요! 

오휘 쿠션은 영상으로 처음 접했는데, 피부결도 너무 좋아보이고 딱 깔끔하고 매트하게 화장할 수 있는 제품 같네용! 새로운 제품 소개해주셔서 감사해요"
1,저는 꾸안꾸!!! 꾸꾸꾸룩에서의 어깨라인 너무 이쁘지만..! 곧 다가오는 여름엔 역시 흰티에 청바지 완전 정석?? 청량하고 너무 이뻐요오 연청톤업 쿠션으로 톤업은 화사하게 잘 되면서 올해 비가 많이 온다는 꿉꿉한 여름도 가볍고 청량하게 잘 보낼 수 있을거 같아요?? 오휘하면 고급지고 우아한 이미지라 엄마브랜드라는 생각이 들었는데 오늘 진청연청 쿠션보니 완전 취향 저격! 저도 청바지입은날 같이 매치해보고싶어용!!!????
1,"리안님 오늘 쿠션이랑 코디 너무 찰떡이에요ㅠㅜ
특히 진청쿠션..!!!
쿠션이 데님 재질인것 부터 신기했는데 리안님이 그걸 100% 잘보여준것같아서 시간가는줄 모르고 영상을 보았답니다..?
리안님보다 이 쿠션 잘살릴 수 있는 사람 나와보라해ㅜㅜㅠㅠㅠㅠㅠ
신제품인데도 이 영상 하나로 구매욕구 뿜뿜해서 당장 진청쿠션 구매하로 갈게요ㅎㅎ
리안님 화이팅??"
1,진청 쿠션으로 예쁜 피부표현하고 싶어요~!쿠션이 진짜 힙하게 생겼어요!
1,"연청 쿠션 1호!! 가 넘 탐나요.. 리안님 영상 꾸준히 봐왔지만 이렇게 뽐뿌오는 쿠션은 첨이에요.. ?? 피부가 수부지라서 고등학생 때 만난 찰떡 파데를 거의 8년째 정착해서 자의반 타의반으로 써왔어요.. 그런데 어디 놀러가거나 할 때 파데는 부피가 크다 보니까 들고다니기 힘들다보니, 쿠션으로 갈아타고 싶다는 생각을 꾸준히 해왔습니다.. 여기저기서 좋다고 하는 쿠션을 거의 6-7 종류를 사서 다 써봤는데 저한테는 다 너무 두껍게 발리거나 톤이 안맞거나 무너짐이 안예쁘더라구요 ㅠㅠㅠ 그래서 그나마 타협한게 선쿠션 정도였었는데.. 이번 영상에서 리안님이 쿠션 사용하시는 거 보고 제대로 뽐뿌가 왔어요 ?? 밀착력은 좋은데 적당히 커버도 되고, 무엇보다 무너짐도 예쁘다는 말에 완존 혹하는 거 있죠.. 처음으로 이벤트까지 호다닥 참여하고 갑니다!! 좋은 이벤트 열어주셔서 감사해용 ??

+) 코디도 같이 보여주시는 거 너무너무 좋아요.. ㅎㅎㅎ"
1,진청 쿠션 1호 써보고 싶어요!!리안님이 직접 쿠션 쓰는 거 보니까 밀착력있게 발리면서 커버력도 좋은 것 같아서 궁금합니당! 오휘브랜드가 이렇게 힙하다니 더 기대됩니다!! 쿠션케이스도 힙하고 넘 예뻐요?
1,진청쿠션 1호 써보고 싶어요 역시 여름엔 꾸꾸꾸!
1,저는 연청룩이 해보고싶어서 연청 1호 원해요! 여름에는 연청과 가벼운 메이크업이 어울리는것 같아요?
1,"연청 쿠션 사용해보고 싶어요! 평소에 톤업 선크림만 사용하는 편인데,, 연청 쿠션이 화사하지만 자연스럽게 톤업 되는 제형 쿠션이라서 데일리로 사용해주기 넘 간편하고 좋아보여서 경험해보고 싶어요!"
1,"리안웅니 라이브때 연청쿠션 구매해서 데님백 받아쏘요 진짜 넘 예뻐서 구매 갈길 수 밖에 없었다능 

저는 화장 연하게 하는 편이라 연청 구매했지만 직장인인 동생한테는 진청 쿠션 선물해주고 싶어요  이벤트
들고 와줘서 고마와요

그나저나 이번 오휘 제품 진짜 잘뽑았다! 팝하고 완전 여름타겟 쿠션임! 쿠션 크기도 작은 편이라 파우치에 넣고 다니기 넘 제격이쟈냐"
1,진청도 이쁘지만 역시 여름에는 연청!!
1,너무 잘어울려요!!! 리안님 여름 속옷은 뭐 입으면 좋은지 추천도 해주시면 좋겠어요 :)))
1,"저는 얼티밋 핏 롱웨어 진쿠션 1호를 써보고 싶어요! 트러블이 있다보니 아무래도 뭔가 밀착력 있고 커버되는 쿠션을 찾게 되더라구여,, 근데 이번에 오휘 진짜 쿠션 디자인 잘 뽑은 것 같아요ㅎ 원래 알던 브랜드의 느낌과 다르게 훨씬 영하고 트렌디한 느낌!! 이번 기회에 들고 다니면서 꼭 써보고 싶습니당"
1,"꾸안꾸vs꾸꾸꾸 룩 여러분의 취향을 댓글로 알려주세요!저의 픽은 영상에 있답니다,,
오휘 진쿠션 기획전과 구독자 이벤트!! 아래를 참고해주세요

오휘 얼티밋핏진쿠션 기획전

오늘 영상에서 보여드린 #오휘 #얼티밋핏진쿠션 은 핏 좋은 청바지를 입은 것처럼피부에 웨어러블하게 FIT되서 요즘 계속 손이 가는 쿠션이랍니다
라이브 때 직접 제가 출연해서 자세하세 소개해드릴테니 시간되시는 분은 꼭 놀러오세요

 -리안 x 오휘 카카오 기획전
 5/16 화요일 오전 8:30?
https://kko.to/2LXPQs-BUh
 (단 하루만 리필 추가 증정)

-5/14~5/18 기획전 기간동안만
 20%할인과 데님 스퀘어백 증정 등 특별 혜택 놓치지 마세요!


구독자 이벤트

저희 구독자분들을 위해서 오휘에서 이벤트도 통크게 지원해주셨어요!
관련 내용은 아래 적어둘테니 많이많이 지원해주세요!
1) 경품 : 오휘 진청 쿠션 or 연청 쿠션 1ea (당첨인원: 30분)
2) 참여 기간 : 5/14(일)~5/21(일)
3) 참여 방법:
-본 영상 댓글로 제가 보여드린 연청 & 진청 룩 중 써보고 싶은 오휘 진 쿠션 호수와 그 이유를 남겨주신 후, 아래 폼 링크를 작성해주세요!
※ 이벤트 참여 URL: https://forms.gle/V2jZsufn6NtLg8bV9
※ 링크 내에 이름/연락처/우편번호/주소지 필수 입력 부탁드립니다.
4) 당첨자 발표는 5/22(월) 영상 내 고정 댓글로 발표
(이름 + 핸드폰 번호 끝에 네 자리 1**4) 후, LG생활건강 측에서 제품을 전달 드릴 예정입니다!
5) 경품 출고일: 경품 발표 후 일주일 이내
***수령 시점이 상이한점은 양해 부탁드립니다."
1,전 첫번째룩 너무 마음에 들어요 !! 여름날 그냥 딱 가볍게 연청에 티셔츠 입고 연청쿠션 가볍게 바르고 다니고 싶네요~~
1,"저는 진청 쿠션을 사용해보고 싶어요! 다크서클이 진하고 잡티가 좀 있어서 피부톤을 깔끔하게 만들어주는걸 좋아해서요?
오휘 쿠션 케이스 너무 귀엽고 새롭네요!"
1,"연청 톤업 쿠션~~이요
요점 맑고 얇게 피부표현하는데에 빠져서 이게 제일 끌리네요~~ 카카오 기획전 놓친게 너무 아쉬워요ㅜ 이벤트라도...항상 유용한 영상, 이벤트 감사합니다~"
1,Perfect as allways  i Wish if you do a hairstyling next Time your hair look Amazing  you're my favorite
1,연청 쿠션 써보고 싶어요 자연스러워 보이고 케이스도 귀여워서 여름에 잘 갖고다닐 거 같아요 ????????
1,"꾸안꾸룩 잘 봤어용
리바이스 크롭티 사이즈 궁금해요:)"
1,꾸안꾸 메이크업에서 애교살 브러쉬 정보 궁금해요 !
1,Ieeanflm 리안님 꾸안꾸 룩북이 너무 잘 어울리시네요.
1,"패키지가 정말 귀여운거 같아요!!
얼티밋 핏 롱웨어 진 쿠션(진청 쿠션) 01호 라이트 베이지 사용해보고 싶어요 !"
1,리바이스 연청 데님 품번 너무너무너무너무 궁금합니다….? 이번 영상도 잘 봤어요~!!
1,"진청쿠션1호로 구매하고 싶퍼요ㅜ
이제 여름이 다가오니 가벼운 쿠션 찾고있었는데 관심이 가네여!!
(언니 매일 농협은행)"
1,연청 오휘 얼티밋핏진 연청 쿠션 기대되요!! 오늘 카카오 라이브에서 엄마께 선물 드릴려고 진청으로 주문했어요. 저도 같이 쓰고 싶어서 제껄로는 연청으로 써보고싶어요!! 엄마랑 딸이랑 같이 쓰면 더 좋을것 같아요. 연청 톤업핏 쿠션 이벤트 당첨되면 행복할거같아요
1,리안님 너무 예쁘십니다
1,리안님 몸매관리는 어떻게 하시나요… 로우라이즈가 더 잘 어울리는 여성 1위.. 메이크업이랑 코디 다 너무 예뻐요
1,첫번째 룩 반팔티 어디서 구매 가능한지 궁금해요오 
1,아니 언니 몸매가 미쳤잖라요..
1,리바이스 연청이 아주 너무 궁금해여!!
1,언니언니 연청바지 링크 좀 부탁드려요 꾸벅
1,나만희 뇨녜인 ??
1,여행 환상 완전 충족시켜주는 리안님... 스무더 반팔 샀는데 엄청 맨들맨들하고 이뻤어요!
1,언니 여행 영상 다 사랑하지만 유럽이랑 특히 잘어울려효
1,영상 너무 좋아요 항상 알림 보고 달려요 1년동안 팔로우했어요  조금 더 크면 저도 언젠가 그 나라랑 여러곳 여행 가보고 싶네요. 좋은 시간 
1,리안님 런던 브이로그라니...! 오랜만이라서 너무 좋아요ㅎㅎ 이번 여행에서 왜인지 특히 더 예쁘시네요..
1,여행브이로그 기다렸어요  리안님 감성 최고야...
1,런던이랑 찰떡쿵이다 진짜 ??
1,웅니 감성가득 브이로그……. 넘 좋아요
1,흑.. 나에겐 단비같은 시간이었져 한국 가서 조만간 보자구 옹니들??
1,뜬금없지만 임금비 <908>를 듣는데 언니 룩북이 막 상상돼서 댓글을 남기러 왔습니당 중간에 요상한 가사도 나오지만   전체적으로 좋아요 항상 화이팅
1,리안님 브이로그를 잘 볼게요
1,우와 리안님 바다님  제 최애 유투버
1,오우 세 분 다 미모가 ㄷㄷㄷ
1,15분대에 착용하고 계신 자켓 정보 알 수 있을까용?!
1,비비안 목걸이 품번 알수있을까요? 넘예뻐요
1,리본진주귀걸이..? 정보 너무 궁금해용
1,4:33 가디건 정보 궁금해요 ㅠ
